Order ID,Order Time,Delivery Time,Customer Feedback (Ratings),Branch Name,Total Bill
ORD-0001,2024-01-04 22:04:00,2024-01-04 22:37:00,5,Wapda Town,1081
ORD-0002,2024-01-16 08:43:00,2024-01-16 09:04:00,1,Wapda Town,1519
ORD-0003,2024-01-31 23:50:00,2024-02-01 00:34:00,1,Wapda Town,1473
ORD-0004,2024-02-28 16:19:00,2024-02-28 17:17:00,1,Wapda Town,1145
ORD-0005,2024-01-19 06:59:00,2024-01-19 07:15:00,1,Wapda Town,1167
ORD-0006,2024-01-29 23:05:00,2024-01-29 23:31:00,1,DHA,1118
ORD-0007,2024-01-01 19:25:00,2024-01-01 19:56:00,5,Model Town,213
ORD-0008,2024-01-09 12:14:00,2024-01-09 13:07:00,3,Johar Town,941
ORD-0009,2024-02-29 21:45:00,2024-02-29 22:13:00,5,Wapda Town,1273
ORD-0010,2024-01-02 09:37:00,2024-01-02 10:11:00,5,Model Town,965
ORD-0011,2024-03-09 01:25:00,2024-03-09 02:02:00,5,Gulberg,201
ORD-0012,2024-02-19 10:50:00,2024-02-19 11:11:00,1,Model Town,1042
ORD-0013,2024-01-30 06:50:00,2024-01-30 07:40:00,4,Model Town,1671
ORD-0014,2024-02-10 20:53:00,2024-02-10 21:04:00,2,Gulberg,1714
ORD-0015,2024-02-08 03:13:00,2024-02-08 03:37:00,1,Johar Town,520
ORD-0016,2024-02-29 14:10:00,2024-02-29 14:56:00,2,Gulberg,257
ORD-0017,2024-02-27 09:35:00,2024-02-27 10:07:00,5,Gulberg,1976
ORD-0018,2024-02-09 22:39:00,2024-02-09 22:54:00,3,Johar Town,1263
ORD-0019,2024-01-13 22:50:00,2024-01-13 23:11:00,2,Johar Town,970
ORD-0020,2024-02-14 21:16:00,2024-02-14 21:52:00,4,Model Town,1415
ORD-0021,2024-03-01 02:15:00,2024-03-01 02:52:00,1,DHA,1019
ORD-0022,2024-02-11 02:08:00,2024-02-11 02:50:00,2,Wapda Town,882
ORD-0023,2024-01-12 00:56:00,2024-01-12 01:33:00,3,Johar Town,485
ORD-0024,2024-01-19 03:18:00,2024-01-19 03:48:00,2,Wapda Town,1469
ORD-0025,2024-02-26 06:34:00,2024-02-26 07:24:00,4,DHA,458
ORD-0026,2024-02-13 07:23:00,2024-02-13 08:01:00,2,Johar Town,1243
ORD-0027,2024-02-26 21:06:00,2024-02-26 21:40:00,3,Gulberg,1867
ORD-0028,2024-02-17 18:54:00,2024-02-17 19:44:00,4,Wapda Town,871
ORD-0029,2024-01-16 23:43:00,2024-01-17 00:26:00,5,Gulberg,730
ORD-0030,2024-02-22 15:56:00,2024-02-22 16:13:00,5,Model Town,1300
ORD-0031,2024-01-12 21:42:00,2024-01-12 22:29:00,5,Model Town,442
ORD-0032,2024-02-29 06:06:00,2024-02-29 06:39:00,3,Wapda Town,1480
ORD-0033,2024-01-21 19:26:00,2024-01-21 19:46:00,3,Gulberg,1609
ORD-0034,2024-03-01 12:58:00,2024-03-01 13:29:00,1,Model Town,1833
ORD-0035,2024-01-30 23:07:00,2024-01-30 23:35:00,4,Gulberg,1015
ORD-0036,2024-02-11 06:28:00,2024-02-11 06:53:00,3,DHA,1210
ORD-0037,2024-03-09 19:29:00,2024-03-09 19:49:00,5,DHA,924
ORD-0038,2024-01-01 04:16:00,2024-01-01 05:01:00,5,DHA,1542
ORD-0039,2024-03-02 13:07:00,2024-03-02 13:45:00,4,Johar Town,1208
ORD-0040,2024-02-01 07:42:00,2024-02-01 07:58:00,5,Johar Town,229
ORD-0041,2024-01-12 23:52:00,2024-01-13 00:19:00,5,DHA,1842
ORD-0042,2024-01-14 22:24:00,2024-01-14 23:02:00,2,Johar Town,543
ORD-0043,2024-02-26 08:21:00,2024-02-26 08:54:00,3,Wapda Town,1064
ORD-0044,2024-01-02 02:23:00,2024-01-02 02:39:00,3,DHA,1913
ORD-0045,2024-02-22 19:15:00,2024-02-22 19:41:00,4,DHA,471
ORD-0046,2024-02-07 21:51:00,2024-02-07 22:21:00,4,Johar Town,977
ORD-0047,2024-03-08 21:52:00,2024-03-08 22:34:00,5,DHA,1850
ORD-0048,2024-02-16 11:13:00,2024-02-16 11:35:00,1,DHA,812
ORD-0049,2024-02-21 10:03:00,2024-02-21 10:44:00,3,DHA,1221
ORD-0050,2024-02-15 07:23:00,2024-02-15 08:20:00,2,Johar Town,1245
ORD-0051,2024-01-03 07:44:00,2024-01-03 08:36:00,2,Gulberg,1993
ORD-0052,2024-03-04 21:02:00,2024-03-04 21:36:00,4,DHA,752
ORD-0053,2024-01-18 20:07:00,2024-01-18 20:57:00,2,DHA,827
ORD-0054,2024-02-08 05:37:00,2024-02-08 05:57:00,4,Johar Town,1684
ORD-0055,2024-02-16 19:53:00,2024-02-16 20:33:00,1,Wapda Town,268
ORD-0056,2024-02-19 00:06:00,2024-02-19 00:27:00,1,Wapda Town,1767
ORD-0057,2024-02-07 07:14:00,2024-02-07 07:29:00,1,Model Town,1726
ORD-0058,2024-01-29 02:26:00,2024-01-29 03:26:00,5,Wapda Town,454
ORD-0059,2024-02-11 11:33:00,2024-02-11 12:14:00,4,DHA,1580
ORD-0060,2024-02-21 22:00:00,2024-02-21 22:40:00,5,Gulberg,1171
ORD-0061,2024-03-04 15:45:00,2024-03-04 16:26:00,1,Johar Town,409
ORD-0062,2024-03-09 12:21:00,2024-03-09 12:39:00,1,Model Town,1269
ORD-0063,2024-01-18 10:40:00,2024-01-18 11:33:00,2,Gulberg,1965
ORD-0064,2024-01-26 04:36:00,2024-01-26 05:12:00,1,DHA,432
ORD-0065,2024-01-09 08:38:00,2024-01-09 09:32:00,1,Gulberg,1492
ORD-0066,2024-01-08 17:14:00,2024-01-08 17:42:00,1,Johar Town,423
ORD-0067,2024-02-21 19:09:00,2024-02-21 19:22:00,5,Johar Town,222
ORD-0068,2024-01-13 08:11:00,2024-01-13 08:51:00,1,Model Town,1658
ORD-0069,2024-01-25 06:09:00,2024-01-25 06:55:00,1,Johar Town,1858
ORD-0070,2024-02-13 13:21:00,2024-02-13 14:00:00,4,Wapda Town,1261
ORD-0071,2024-02-06 05:24:00,2024-02-06 05:58:00,3,DHA,1763
ORD-0072,2024-02-17 19:37:00,2024-02-17 20:33:00,5,Model Town,787
ORD-0073,2024-02-03 03:18:00,2024-02-03 03:55:00,1,Wapda Town,1606
ORD-0074,2024-02-22 10:07:00,2024-02-22 10:50:00,1,Johar Town,258
ORD-0075,2024-02-05 21:14:00,2024-02-05 21:25:00,5,Gulberg,359
ORD-0076,2024-01-14 17:44:00,2024-01-14 18:08:00,2,DHA,226
ORD-0077,2024-02-24 02:27:00,2024-02-24 03:12:00,3,DHA,1665
ORD-0078,2024-03-03 05:38:00,2024-03-03 06:12:00,5,Model Town,1374
ORD-0079,2024-01-03 13:19:00,2024-01-03 13:37:00,2,Johar Town,590
ORD-0080,2024-02-26 16:05:00,2024-02-26 17:04:00,1,Gulberg,1569
ORD-0081,2024-02-08 21:17:00,2024-02-08 22:03:00,1,Johar Town,1917
ORD-0082,2024-03-08 12:18:00,2024-03-08 12:56:00,4,Gulberg,837
ORD-0083,2024-02-08 22:35:00,2024-02-08 23:18:00,3,Johar Town,1862
ORD-0084,2024-03-03 11:14:00,2024-03-03 11:32:00,4,Wapda Town,1148
ORD-0085,2024-02-23 10:14:00,2024-02-23 11:02:00,5,Model Town,1901
ORD-0086,2024-01-12 10:39:00,2024-01-12 10:59:00,1,Wapda Town,829
ORD-0087,2024-01-07 10:13:00,2024-01-07 10:39:00,5,Model Town,1745
ORD-0088,2024-03-06 16:22:00,2024-03-06 17:05:00,4,Wapda Town,1142
ORD-0089,2024-02-25 09:52:00,2024-02-25 10:13:00,2,DHA,1741
ORD-0090,2024-03-06 15:32:00,2024-03-06 16:29:00,3,Johar Town,1750
ORD-0091,2024-02-03 22:34:00,2024-02-03 22:44:00,4,Wapda Town,1675
ORD-0092,2024-02-26 08:16:00,2024-02-26 08:45:00,2,Johar Town,958
ORD-0093,2024-01-21 03:35:00,2024-01-21 03:48:00,1,Wapda Town,1300
ORD-0094,2024-02-19 13:15:00,2024-02-19 13:41:00,5,Johar Town,512
ORD-0095,2024-01-26 22:14:00,2024-01-26 22:28:00,2,Wapda Town,1830
ORD-0096,2024-01-16 09:26:00,2024-01-16 09:41:00,4,Johar Town,547
ORD-0097,2024-01-13 14:47:00,2024-01-13 15:43:00,1,Wapda Town,979
ORD-0098,2024-01-11 06:37:00,2024-01-11 07:23:00,2,Johar Town,505
ORD-0099,2024-02-23 07:07:00,2024-02-23 07:52:00,5,Gulberg,1330
ORD-0100,2024-02-12 10:31:00,2024-02-12 11:16:00,2,Gulberg,1926
ORD-0101,2024-02-18 18:00:00,2024-02-18 18:31:00,3,DHA,1412
ORD-0102,2024-02-01 09:08:00,2024-02-01 09:48:00,5,DHA,374
ORD-0103,2024-03-08 22:23:00,2024-03-08 23:09:00,3,Wapda Town,1898
ORD-0104,2024-03-05 01:35:00,2024-03-05 02:01:00,3,DHA,873
ORD-0105,2024-01-11 03:20:00,2024-01-11 03:53:00,5,DHA,606
ORD-0106,2024-02-09 02:33:00,2024-02-09 02:52:00,2,DHA,659
ORD-0107,2024-01-03 17:59:00,2024-01-03 18:58:00,4,Gulberg,1237
ORD-0108,2024-01-23 19:18:00,2024-01-23 20:03:00,1,Johar Town,1917
ORD-0109,2024-01-06 07:23:00,2024-01-06 07:52:00,4,DHA,1385
ORD-0110,2024-01-10 17:19:00,2024-01-10 17:59:00,4,Gulberg,1584
ORD-0111,2024-01-02 00:31:00,2024-01-02 01:01:00,4,Model Town,1047
ORD-0112,2024-01-19 19:09:00,2024-01-19 20:04:00,1,Johar Town,544
ORD-0113,2024-01-11 11:38:00,2024-01-11 12:03:00,5,Gulberg,1489
ORD-0114,2024-02-12 23:45:00,2024-02-13 00:15:00,3,DHA,1890
ORD-0115,2024-03-10 09:14:00,2024-03-10 09:38:00,5,Johar Town,1693
ORD-0116,2024-01-28 10:24:00,2024-01-28 11:15:00,3,Johar Town,1521
ORD-0117,2024-02-15 02:55:00,2024-02-15 03:52:00,3,Gulberg,1754
ORD-0118,2024-01-16 20:29:00,2024-01-16 21:04:00,4,Model Town,1798
ORD-0119,2024-01-09 22:00:00,2024-01-09 22:39:00,3,Model Town,1055
ORD-0120,2024-02-15 03:34:00,2024-02-15 03:44:00,3,Model Town,795
ORD-0121,2024-02-25 23:07:00,2024-02-25 23:50:00,1,Model Town,1833
ORD-0122,2024-01-02 17:20:00,2024-01-02 18:02:00,2,Wapda Town,399
ORD-0123,2024-02-05 08:12:00,2024-02-05 08:57:00,4,Gulberg,601
ORD-0124,2024-02-26 14:20:00,2024-02-26 15:18:00,4,DHA,1810
ORD-0125,2024-01-06 05:26:00,2024-01-06 05:54:00,3,Wapda Town,309
ORD-0126,2024-01-07 11:56:00,2024-01-07 12:28:00,1,DHA,1888
ORD-0127,2024-02-23 19:58:00,2024-02-23 20:36:00,4,Model Town,1514
ORD-0128,2024-01-02 21:39:00,2024-01-02 22:02:00,4,DHA,1277
ORD-0129,2024-02-22 12:37:00,2024-02-22 13:15:00,4,DHA,478
ORD-0130,2024-02-24 16:50:00,2024-02-24 17:34:00,5,Wapda Town,1579
ORD-0131,2024-02-19 04:38:00,2024-02-19 05:30:00,4,DHA,996
ORD-0132,2024-02-08 23:59:00,2024-02-09 00:18:00,4,Model Town,911
ORD-0133,2024-01-04 14:44:00,2024-01-04 15:32:00,5,Wapda Town,698
ORD-0134,2024-01-27 12:52:00,2024-01-27 13:35:00,5,Johar Town,1203
ORD-0135,2024-02-08 16:44:00,2024-02-08 17:17:00,1,Model Town,657
ORD-0136,2024-01-09 17:14:00,2024-01-09 17:56:00,5,DHA,800
ORD-0137,2024-02-22 05:13:00,2024-02-22 05:27:00,4,DHA,1261
ORD-0138,2024-02-17 03:18:00,2024-02-17 03:58:00,5,Gulberg,1987
ORD-0139,2024-01-25 04:32:00,2024-01-25 05:29:00,5,Model Town,758
ORD-0140,2024-01-12 22:20:00,2024-01-12 22:46:00,3,Wapda Town,992
ORD-0141,2024-01-18 21:31:00,2024-01-18 21:52:00,4,DHA,1787
ORD-0142,2024-02-07 11:11:00,2024-02-07 12:00:00,2,Gulberg,960
ORD-0143,2024-01-29 01:48:00,2024-01-29 02:40:00,3,DHA,351
ORD-0144,2024-02-29 07:26:00,2024-02-29 07:53:00,5,Wapda Town,1866
ORD-0145,2024-02-22 04:26:00,2024-02-22 04:53:00,4,DHA,1812
ORD-0146,2024-02-07 05:19:00,2024-02-07 05:51:00,2,Gulberg,430
ORD-0147,2024-02-01 20:45:00,2024-02-01 21:30:00,4,Model Town,530
ORD-0148,2024-03-04 14:53:00,2024-03-04 15:40:00,3,Gulberg,641
ORD-0149,2024-02-04 16:16:00,2024-02-04 16:39:00,4,Wapda Town,1859
ORD-0150,2024-02-05 03:11:00,2024-02-05 03:26:00,1,Model Town,1671
ORD-0151,2024-02-22 09:53:00,2024-02-22 10:29:00,5,Johar Town,236
ORD-0152,2024-03-03 07:48:00,2024-03-03 08:30:00,5,DHA,1323
ORD-0153,2024-01-29 01:12:00,2024-01-29 01:55:00,2,Wapda Town,1449
ORD-0154,2024-01-10 17:11:00,2024-01-10 18:01:00,5,Gulberg,659
ORD-0155,2024-01-25 08:36:00,2024-01-25 09:11:00,2,Johar Town,1741
ORD-0156,2024-02-18 04:02:00,2024-02-18 04:47:00,1,DHA,349
ORD-0157,2024-01-31 19:02:00,2024-01-31 19:51:00,1,DHA,1522
ORD-0158,2024-01-26 05:47:00,2024-01-26 06:44:00,4,DHA,973
ORD-0159,2024-01-24 00:11:00,2024-01-24 00:27:00,4,Johar Town,739
ORD-0160,2024-01-26 14:28:00,2024-01-26 15:04:00,4,Gulberg,271
ORD-0161,2024-02-18 16:46:00,2024-02-18 17:15:00,1,Gulberg,799
ORD-0162,2024-02-03 08:26:00,2024-02-03 09:17:00,1,Johar Town,454
ORD-0163,2024-03-08 05:16:00,2024-03-08 06:12:00,5,Wapda Town,444
ORD-0164,2024-02-17 20:37:00,2024-02-17 21:23:00,1,DHA,492
ORD-0165,2024-01-24 01:26:00,2024-01-24 01:52:00,3,Johar Town,1243
ORD-0166,2024-02-23 18:28:00,2024-02-23 19:12:00,4,Model Town,1505
ORD-0167,2024-01-10 08:27:00,2024-01-10 09:18:00,5,Wapda Town,592
ORD-0168,2024-02-25 14:30:00,2024-02-25 15:12:00,2,Model Town,1485
ORD-0169,2024-01-10 13:56:00,2024-01-10 14:36:00,5,Johar Town,1240
ORD-0170,2024-01-09 23:28:00,2024-01-09 23:41:00,3,DHA,848
ORD-0171,2024-02-02 12:40:00,2024-02-02 13:21:00,5,DHA,800
ORD-0172,2024-02-05 09:51:00,2024-02-05 10:42:00,1,Model Town,555
ORD-0173,2024-02-24 16:10:00,2024-02-24 16:54:00,2,DHA,708
ORD-0174,2024-01-15 05:11:00,2024-01-15 05:29:00,2,DHA,1532
ORD-0175,2024-02-10 04:04:00,2024-02-10 04:35:00,5,Wapda Town,1256
ORD-0176,2024-02-27 16:59:00,2024-02-27 17:22:00,4,Wapda Town,1816
ORD-0177,2024-01-06 23:48:00,2024-01-07 00:03:00,3,Wapda Town,219
ORD-0178,2024-02-21 14:53:00,2024-02-21 15:48:00,5,DHA,964
ORD-0179,2024-02-04 20:33:00,2024-02-04 21:30:00,1,Wapda Town,321
ORD-0180,2024-03-05 22:58:00,2024-03-05 23:15:00,1,Model Town,596
ORD-0181,2024-02-08 04:01:00,2024-02-08 04:29:00,5,Johar Town,1789
ORD-0182,2024-01-21 12:29:00,2024-01-21 13:11:00,5,DHA,940
ORD-0183,2024-02-22 14:43:00,2024-02-22 15:26:00,5,Johar Town,1209
ORD-0184,2024-01-31 21:53:00,2024-01-31 22:21:00,3,Gulberg,812
ORD-0185,2024-01-29 02:36:00,2024-01-29 03:04:00,2,Wapda Town,1710
ORD-0186,2024-01-26 22:24:00,2024-01-26 22:34:00,3,Model Town,959
ORD-0187,2024-02-22 17:31:00,2024-02-22 17:56:00,4,DHA,207
ORD-0188,2024-02-11 19:25:00,2024-02-11 20:22:00,2,Gulberg,1170
ORD-0189,2024-01-08 23:12:00,2024-01-08 23:25:00,5,Johar Town,1033
ORD-0190,2024-02-07 14:17:00,2024-02-07 14:42:00,2,DHA,768
ORD-0191,2024-01-17 21:44:00,2024-01-17 22:11:00,3,Model Town,1142
ORD-0192,2024-01-04 16:19:00,2024-01-04 17:19:00,3,Johar Town,1426
ORD-0193,2024-03-06 08:46:00,2024-03-06 09:02:00,4,Wapda Town,1985
ORD-0194,2024-02-29 15:25:00,2024-02-29 16:24:00,3,Model Town,1710
ORD-0195,2024-01-22 13:54:00,2024-01-22 14:19:00,4,Johar Town,1534
ORD-0196,2024-02-01 11:05:00,2024-02-01 11:25:00,5,DHA,1133
ORD-0197,2024-01-20 02:52:00,2024-01-20 03:29:00,5,Model Town,625
ORD-0198,2024-01-20 07:16:00,2024-01-20 08:04:00,2,Gulberg,379
ORD-0199,2024-02-22 19:47:00,2024-02-22 20:27:00,2,Model Town,707
ORD-0200,2024-03-02 08:25:00,2024-03-02 09:24:00,3,Johar Town,1751
ORD-0201,2024-02-19 16:41:00,2024-02-19 17:12:00,1,Wapda Town,723
ORD-0202,2024-01-19 00:26:00,2024-01-19 00:51:00,4,Johar Town,1136
ORD-0203,2024-01-01 07:22:00,2024-01-01 07:59:00,4,Gulberg,1619
ORD-0204,2024-01-01 16:30:00,2024-01-01 17:04:00,2,DHA,1213
ORD-0205,2024-01-22 00:16:00,2024-01-22 00:35:00,3,Model Town,1308
ORD-0206,2024-03-02 11:38:00,2024-03-02 12:37:00,4,Wapda Town,1727
ORD-0207,2024-02-26 10:55:00,2024-02-26 11:13:00,2,Model Town,399
ORD-0208,2024-01-28 22:21:00,2024-01-28 23:05:00,2,Wapda Town,1030
ORD-0209,2024-02-08 07:51:00,2024-02-08 08:02:00,2,Johar Town,1090
ORD-0210,2024-01-06 22:09:00,2024-01-06 22:22:00,2,Wapda Town,969
ORD-0211,2024-02-01 18:02:00,2024-02-01 18:33:00,3,Johar Town,937
ORD-0212,2024-01-21 01:50:00,2024-01-21 02:19:00,4,DHA,1893
ORD-0213,2024-02-25 07:52:00,2024-02-25 08:44:00,4,Johar Town,1923
ORD-0214,2024-01-02 08:47:00,2024-01-02 09:22:00,1,Johar Town,1282
ORD-0215,2024-03-04 17:22:00,2024-03-04 18:08:00,5,DHA,1524
ORD-0216,2024-01-14 16:24:00,2024-01-14 16:48:00,2,Gulberg,866
ORD-0217,2024-02-18 10:58:00,2024-02-18 11:32:00,3,Johar Town,1587
ORD-0218,2024-02-24 13:00:00,2024-02-24 13:47:00,3,Johar Town,866
ORD-0219,2024-01-25 06:00:00,2024-01-25 06:53:00,5,Model Town,1433
ORD-0220,2024-02-26 17:56:00,2024-02-26 18:46:00,2,Model Town,1196
ORD-0221,2024-01-26 11:57:00,2024-01-26 12:31:00,3,Johar Town,422
ORD-0222,2024-02-22 12:24:00,2024-02-22 12:46:00,4,DHA,1600
ORD-0223,2024-03-02 23:58:00,2024-03-03 00:27:00,1,Wapda Town,565
ORD-0224,2024-01-07 16:27:00,2024-01-07 17:22:00,4,DHA,221
ORD-0225,2024-01-03 14:57:00,2024-01-03 15:09:00,3,Johar Town,1784
ORD-0226,2024-02-19 23:40:00,2024-02-20 00:33:00,3,DHA,539
ORD-0227,2024-02-27 03:55:00,2024-02-27 04:11:00,1,Wapda Town,394
ORD-0228,2024-01-17 17:10:00,2024-01-17 17:52:00,5,DHA,842
ORD-0229,2024-02-03 22:34:00,2024-02-03 23:03:00,5,Wapda Town,1625
ORD-0230,2024-02-02 07:25:00,2024-02-02 07:55:00,3,Gulberg,1644
ORD-0231,2024-02-22 13:33:00,2024-02-22 13:53:00,2,Wapda Town,891
ORD-0232,2024-02-29 23:12:00,2024-02-29 23:34:00,1,Johar Town,1960
ORD-0233,2024-01-17 16:42:00,2024-01-17 17:09:00,1,Gulberg,458
ORD-0234,2024-01-06 02:21:00,2024-01-06 02:50:00,5,Johar Town,1479
ORD-0235,2024-03-01 05:40:00,2024-03-01 06:33:00,4,DHA,965
ORD-0236,2024-02-19 23:31:00,2024-02-19 23:56:00,5,Model Town,1726
ORD-0237,2024-02-14 13:43:00,2024-02-14 14:19:00,4,Johar Town,1282
ORD-0238,2024-02-26 00:57:00,2024-02-26 01:15:00,2,Wapda Town,438
ORD-0239,2024-02-11 17:12:00,2024-02-11 18:03:00,3,Gulberg,982
ORD-0240,2024-01-09 22:33:00,2024-01-09 23:21:00,3,Model Town,1000
ORD-0241,2024-02-20 04:34:00,2024-02-20 05:29:00,4,Johar Town,1808
ORD-0242,2024-01-22 04:06:00,2024-01-22 04:19:00,1,Johar Town,1874
ORD-0243,2024-02-05 15:30:00,2024-02-05 16:09:00,1,Gulberg,1850
ORD-0244,2024-02-07 14:10:00,2024-02-07 14:59:00,1,Model Town,1842
ORD-0245,2024-01-05 17:25:00,2024-01-05 18:05:00,5,Model Town,827
ORD-0246,2024-02-22 08:10:00,2024-02-22 08:34:00,3,Wapda Town,1991
ORD-0247,2024-01-16 06:23:00,2024-01-16 06:56:00,3,Model Town,1628
ORD-0248,2024-02-11 05:18:00,2024-02-11 06:18:00,3,Wapda Town,1367
ORD-0249,2024-02-10 21:52:00,2024-02-10 22:15:00,5,Model Town,752
ORD-0250,2024-02-24 12:25:00,2024-02-24 12:37:00,3,Gulberg,1401
ORD-0251,2024-02-24 08:42:00,2024-02-24 09:33:00,4,Johar Town,446
ORD-0252,2024-02-10 09:17:00,2024-02-10 10:11:00,5,Model Town,1685
ORD-0253,2024-02-10 11:04:00,2024-02-10 11:46:00,5,Johar Town,1697
ORD-0254,2024-01-14 06:16:00,2024-01-14 06:55:00,4,Gulberg,507
ORD-0255,2024-02-07 18:18:00,2024-02-07 18:50:00,2,DHA,1926
ORD-0256,2024-02-18 20:27:00,2024-02-18 21:06:00,2,Johar Town,1839
ORD-0257,2024-02-09 02:05:00,2024-02-09 02:52:00,3,Gulberg,227
ORD-0258,2024-03-06 21:00:00,2024-03-06 21:52:00,3,DHA,1490
ORD-0259,2024-03-03 23:10:00,2024-03-03 23:36:00,5,DHA,1945
ORD-0260,2024-02-25 11:36:00,2024-02-25 12:11:00,5,Johar Town,1920
ORD-0261,2024-01-20 07:51:00,2024-01-20 08:37:00,5,Model Town,882
ORD-0262,2024-01-10 06:25:00,2024-01-10 06:54:00,2,Gulberg,610
ORD-0263,2024-02-17 01:08:00,2024-02-17 01:21:00,3,Wapda Town,724
ORD-0264,2024-01-14 00:23:00,2024-01-14 00:56:00,2,DHA,918
ORD-0265,2024-01-03 14:57:00,2024-01-03 15:21:00,1,Gulberg,753
ORD-0266,2024-02-15 17:00:00,2024-02-15 17:40:00,1,DHA,661
ORD-0267,2024-03-04 17:56:00,2024-03-04 18:41:00,2,Wapda Town,709
ORD-0268,2024-03-06 19:15:00,2024-03-06 20:00:00,3,Wapda Town,517
ORD-0269,2024-01-27 16:22:00,2024-01-27 17:14:00,4,Model Town,1005
ORD-0270,2024-01-24 10:03:00,2024-01-24 10:31:00,2,Johar Town,1594
ORD-0271,2024-02-28 06:41:00,2024-02-28 06:58:00,5,Model Town,1020
ORD-0272,2024-02-14 23:12:00,2024-02-14 23:59:00,2,Wapda Town,1248
ORD-0273,2024-02-15 00:17:00,2024-02-15 01:07:00,5,Model Town,1735
ORD-0274,2024-02-16 02:18:00,2024-02-16 02:42:00,4,Model Town,1430
ORD-0275,2024-02-19 07:20:00,2024-02-19 07:51:00,4,Gulberg,1694
ORD-0276,2024-02-26 23:52:00,2024-02-27 00:36:00,2,Model Town,1039
ORD-0277,2024-03-04 19:26:00,2024-03-04 20:20:00,2,Wapda Town,1697
ORD-0278,2024-01-31 21:01:00,2024-01-31 21:30:00,4,DHA,1740
ORD-0279,2024-02-23 16:17:00,2024-02-23 17:03:00,4,Model Town,1189
ORD-0280,2024-01-27 22:00:00,2024-01-27 22:59:00,5,Gulberg,501
ORD-0281,2024-01-21 07:42:00,2024-01-21 08:30:00,5,Gulberg,206
ORD-0282,2024-03-04 06:21:00,2024-03-04 06:44:00,4,DHA,1753
ORD-0283,2024-02-08 04:59:00,2024-02-08 05:53:00,1,Wapda Town,1424
ORD-0284,2024-01-27 01:57:00,2024-01-27 02:57:00,2,Model Town,1517
ORD-0285,2024-02-04 18:04:00,2024-02-04 18:15:00,2,Johar Town,1172
ORD-0286,2024-01-06 03:28:00,2024-01-06 04:06:00,2,Model Town,1806
ORD-0287,2024-03-06 21:32:00,2024-03-06 22:10:00,3,Wapda Town,559
ORD-0288,2024-02-26 07:49:00,2024-02-26 07:59:00,5,DHA,1181
ORD-0289,2024-01-21 09:14:00,2024-01-21 09:43:00,3,DHA,246
ORD-0290,2024-02-16 16:47:00,2024-02-16 17:17:00,3,Wapda Town,1002
ORD-0291,2024-01-01 12:11:00,2024-01-01 13:03:00,5,Gulberg,1956
ORD-0292,2024-02-01 22:30:00,2024-02-01 23:06:00,2,Wapda Town,1906
ORD-0293,2024-01-24 02:15:00,2024-01-24 03:04:00,1,Wapda Town,786
ORD-0294,2024-01-18 19:50:00,2024-01-18 20:23:00,5,Gulberg,971
ORD-0295,2024-01-30 18:34:00,2024-01-30 19:31:00,1,DHA,1627
ORD-0296,2024-02-23 12:17:00,2024-02-23 12:51:00,3,Model Town,382
ORD-0297,2024-02-15 21:31:00,2024-02-15 22:06:00,4,Johar Town,953
ORD-0298,2024-03-10 07:01:00,2024-03-10 07:50:00,2,Wapda Town,542
ORD-0299,2024-03-02 05:01:00,2024-03-02 05:43:00,3,Johar Town,1836
ORD-0300,2024-03-04 02:21:00,2024-03-04 03:18:00,3,Model Town,1053
ORD-0301,2024-01-23 09:40:00,2024-01-23 10:30:00,4,Model Town,294
ORD-0302,2024-01-19 19:49:00,2024-01-19 20:28:00,3,Wapda Town,598
ORD-0303,2024-02-18 01:14:00,2024-02-18 01:54:00,5,Model Town,753
ORD-0304,2024-02-15 07:17:00,2024-02-15 08:05:00,4,DHA,765
ORD-0305,2024-01-28 16:44:00,2024-01-28 17:25:00,5,Gulberg,1291
ORD-0306,2024-02-19 10:29:00,2024-02-19 11:15:00,1,DHA,760
ORD-0307,2024-01-30 02:21:00,2024-01-30 02:46:00,1,Model Town,1450
ORD-0308,2024-02-07 11:42:00,2024-02-07 12:33:00,5,DHA,1637
ORD-0309,2024-02-20 07:55:00,2024-02-20 08:46:00,5,Model Town,1998
ORD-0310,2024-03-03 17:22:00,2024-03-03 18:02:00,2,Model Town,851
ORD-0311,2024-01-01 00:46:00,2024-01-01 00:59:00,4,Model Town,778
ORD-0312,2024-02-21 07:15:00,2024-02-21 07:58:00,2,Johar Town,682
ORD-0313,2024-01-26 10:55:00,2024-01-26 11:33:00,3,Johar Town,703
ORD-0314,2024-03-01 03:22:00,2024-03-01 04:19:00,5,Wapda Town,422
ORD-0315,2024-02-22 11:44:00,2024-02-22 12:37:00,2,Gulberg,1704
ORD-0316,2024-01-17 03:07:00,2024-01-17 03:18:00,2,Wapda Town,497
ORD-0317,2024-02-15 01:48:00,2024-02-15 02:12:00,4,Model Town,1184
ORD-0318,2024-02-15 17:55:00,2024-02-15 18:17:00,3,Gulberg,1032
ORD-0319,2024-01-16 22:02:00,2024-01-16 22:35:00,4,Gulberg,1264
ORD-0320,2024-01-19 19:49:00,2024-01-19 20:16:00,4,Model Town,1137
ORD-0321,2024-02-21 12:51:00,2024-02-21 13:32:00,2,Johar Town,1218
ORD-0322,2024-02-13 21:15:00,2024-02-13 21:34:00,1,Model Town,819
ORD-0323,2024-01-24 10:22:00,2024-01-24 11:21:00,5,DHA,810
ORD-0324,2024-02-22 05:04:00,2024-02-22 05:19:00,5,Wapda Town,1592
ORD-0325,2024-02-12 20:17:00,2024-02-12 20:50:00,3,DHA,1834
ORD-0326,2024-03-06 08:09:00,2024-03-06 08:59:00,4,Model Town,1198
ORD-0327,2024-03-09 12:20:00,2024-03-09 12:45:00,1,Model Town,1035
ORD-0328,2024-03-02 01:22:00,2024-03-02 01:55:00,1,Gulberg,1464
ORD-0329,2024-03-02 22:22:00,2024-03-02 22:56:00,2,Gulberg,1471
ORD-0330,2024-03-03 23:09:00,2024-03-03 23:33:00,3,Wapda Town,485
ORD-0331,2024-01-25 20:28:00,2024-01-25 20:50:00,5,DHA,1463
ORD-0332,2024-01-14 16:25:00,2024-01-14 16:43:00,3,Wapda Town,1050
ORD-0333,2024-02-15 03:45:00,2024-02-15 04:34:00,1,Wapda Town,668
ORD-0334,2024-02-21 17:37:00,2024-02-21 18:19:00,1,Model Town,978
ORD-0335,2024-02-03 03:24:00,2024-02-03 03:43:00,4,Gulberg,1261
ORD-0336,2024-03-08 21:25:00,2024-03-08 21:37:00,3,DHA,1075
ORD-0337,2024-01-15 22:17:00,2024-01-15 22:50:00,2,Model Town,1230
ORD-0338,2024-02-27 13:01:00,2024-02-27 13:15:00,3,DHA,966
ORD-0339,2024-01-24 15:24:00,2024-01-24 16:07:00,2,Johar Town,233
ORD-0340,2024-02-17 17:23:00,2024-02-17 18:20:00,2,Model Town,1946
ORD-0341,2024-02-23 04:08:00,2024-02-23 05:00:00,2,Wapda Town,926
ORD-0342,2024-02-23 11:38:00,2024-02-23 12:33:00,4,Wapda Town,361
ORD-0343,2024-02-22 12:06:00,2024-02-22 12:47:00,4,DHA,1222
ORD-0344,2024-02-17 05:39:00,2024-02-17 06:37:00,2,Gulberg,1252
ORD-0345,2024-01-16 13:45:00,2024-01-16 13:59:00,2,Johar Town,1224
ORD-0346,2024-02-18 17:43:00,2024-02-18 18:40:00,1,DHA,1922
ORD-0347,2024-03-10 08:08:00,2024-03-10 08:40:00,5,Johar Town,932
ORD-0348,2024-02-03 16:13:00,2024-02-03 17:02:00,5,Gulberg,278
ORD-0349,2024-02-24 21:58:00,2024-02-24 22:27:00,5,Wapda Town,1739
ORD-0350,2024-02-09 20:16:00,2024-02-09 21:01:00,1,Johar Town,1210
ORD-0351,2024-02-02 05:07:00,2024-02-02 06:04:00,2,Johar Town,449
ORD-0352,2024-02-13 13:02:00,2024-02-13 13:33:00,1,Model Town,697
ORD-0353,2024-01-02 14:53:00,2024-01-02 15:38:00,3,Wapda Town,1604
ORD-0354,2024-01-01 23:11:00,2024-01-01 23:24:00,1,Johar Town,636
ORD-0355,2024-01-14 06:49:00,2024-01-14 07:38:00,3,Johar Town,1626
ORD-0356,2024-01-23 03:51:00,2024-01-23 04:42:00,4,Model Town,1178
ORD-0357,2024-02-28 14:11:00,2024-02-28 14:49:00,3,Model Town,902
ORD-0358,2024-03-07 06:54:00,2024-03-07 07:30:00,2,DHA,1050
ORD-0359,2024-01-28 05:02:00,2024-01-28 05:50:00,1,Johar Town,1043
ORD-0360,2024-02-04 17:24:00,2024-02-04 18:18:00,3,Johar Town,540
ORD-0361,2024-03-01 23:18:00,2024-03-01 23:46:00,3,Wapda Town,1432
ORD-0362,2024-03-02 20:23:00,2024-03-02 21:06:00,2,Gulberg,415
ORD-0363,2024-02-01 00:51:00,2024-02-01 01:47:00,1,Model Town,903
ORD-0364,2024-01-04 03:11:00,2024-01-04 03:42:00,2,Johar Town,945
ORD-0365,2024-02-02 16:44:00,2024-02-02 17:36:00,1,DHA,690
ORD-0366,2024-01-09 07:19:00,2024-01-09 07:40:00,3,Wapda Town,1733
ORD-0367,2024-02-28 03:47:00,2024-02-28 04:22:00,5,DHA,694
ORD-0368,2024-01-27 20:33:00,2024-01-27 21:26:00,2,DHA,1434
ORD-0369,2024-02-19 17:34:00,2024-02-19 18:29:00,3,Wapda Town,1947
ORD-0370,2024-01-07 02:18:00,2024-01-07 03:04:00,3,Johar Town,1585
ORD-0371,2024-02-19 09:54:00,2024-02-19 10:48:00,2,DHA,833
ORD-0372,2024-02-23 17:51:00,2024-02-23 18:49:00,3,Johar Town,1593
ORD-0373,2024-02-10 10:58:00,2024-02-10 11:57:00,2,Model Town,878
ORD-0374,2024-01-03 01:25:00,2024-01-03 01:43:00,3,Johar Town,1822
ORD-0375,2024-01-17 21:41:00,2024-01-17 22:02:00,1,Wapda Town,1841
ORD-0376,2024-01-05 23:26:00,2024-01-06 00:22:00,1,Gulberg,627
ORD-0377,2024-01-10 14:20:00,2024-01-10 14:32:00,5,Model Town,764
ORD-0378,2024-01-27 16:51:00,2024-01-27 17:27:00,5,Wapda Town,719
ORD-0379,2024-03-08 06:49:00,2024-03-08 07:47:00,1,Gulberg,522
ORD-0380,2024-03-08 23:46:00,2024-03-09 00:14:00,2,Gulberg,450
ORD-0381,2024-01-27 16:11:00,2024-01-27 17:04:00,5,Johar Town,1716
ORD-0382,2024-02-07 17:52:00,2024-02-07 18:08:00,2,Wapda Town,211
ORD-0383,2024-01-24 16:03:00,2024-01-24 17:00:00,5,Model Town,490
ORD-0384,2024-02-29 14:47:00,2024-02-29 15:47:00,3,Gulberg,1361
ORD-0385,2024-01-23 11:24:00,2024-01-23 12:17:00,3,Model Town,604
ORD-0386,2024-02-21 22:16:00,2024-02-21 22:47:00,3,DHA,1210
ORD-0387,2024-01-12 02:28:00,2024-01-12 03:24:00,3,Gulberg,1336
ORD-0388,2024-02-25 14:56:00,2024-02-25 15:27:00,4,Wapda Town,1779
ORD-0389,2024-02-24 09:35:00,2024-02-24 10:00:00,3,DHA,1143
ORD-0390,2024-01-31 02:17:00,2024-01-31 03:10:00,2,Wapda Town,775
ORD-0391,2024-02-22 14:52:00,2024-02-22 15:25:00,3,Model Town,734
ORD-0392,2024-02-27 10:44:00,2024-02-27 11:27:00,2,Johar Town,1927
ORD-0393,2024-01-10 19:43:00,2024-01-10 20:13:00,5,Wapda Town,891
ORD-0394,2024-01-18 18:49:00,2024-01-18 19:27:00,4,Wapda Town,655
ORD-0395,2024-01-21 15:01:00,2024-01-21 15:23:00,5,DHA,1301
ORD-0396,2024-03-06 11:17:00,2024-03-06 11:41:00,2,DHA,1296
ORD-0397,2024-02-17 06:04:00,2024-02-17 06:39:00,2,Model Town,1672
ORD-0398,2024-01-23 02:39:00,2024-01-23 02:57:00,5,DHA,1096
ORD-0399,2024-02-10 13:53:00,2024-02-10 14:25:00,2,Model Town,495
ORD-0400,2024-02-16 12:09:00,2024-02-16 12:48:00,1,Johar Town,603
ORD-0401,2024-01-17 03:30:00,2024-01-17 03:46:00,5,Johar Town,1649
ORD-0402,2024-02-13 06:58:00,2024-02-13 07:23:00,4,Gulberg,1876
ORD-0403,2024-01-16 21:34:00,2024-01-16 22:30:00,3,Gulberg,851
ORD-0404,2024-01-03 09:53:00,2024-01-03 10:51:00,1,Johar Town,1929
ORD-0405,2024-02-13 20:34:00,2024-02-13 20:54:00,3,Gulberg,858
ORD-0406,2024-01-03 16:22:00,2024-01-03 17:19:00,5,Gulberg,815
ORD-0407,2024-01-11 21:40:00,2024-01-11 22:11:00,5,Johar Town,442
ORD-0408,2024-03-09 22:06:00,2024-03-09 22:20:00,1,DHA,1209
ORD-0409,2024-01-14 11:48:00,2024-01-14 12:44:00,1,Gulberg,1685
ORD-0410,2024-02-27 19:31:00,2024-02-27 20:05:00,2,Gulberg,1705
ORD-0411,2024-02-15 01:33:00,2024-02-15 01:52:00,1,Gulberg,1175
ORD-0412,2024-03-05 06:16:00,2024-03-05 07:02:00,5,Wapda Town,720
ORD-0413,2024-03-02 18:14:00,2024-03-02 18:58:00,4,Johar Town,688
ORD-0414,2024-01-28 12:28:00,2024-01-28 12:48:00,3,Wapda Town,507
ORD-0415,2024-01-10 13:51:00,2024-01-10 14:51:00,1,Johar Town,602
ORD-0416,2024-03-04 07:16:00,2024-03-04 07:39:00,1,Wapda Town,1342
ORD-0417,2024-01-16 01:18:00,2024-01-16 01:48:00,5,Model Town,208
ORD-0418,2024-03-09 03:52:00,2024-03-09 04:47:00,1,DHA,1800
ORD-0419,2024-01-08 02:16:00,2024-01-08 03:07:00,5,Gulberg,1671
ORD-0420,2024-03-03 18:14:00,2024-03-03 18:59:00,3,Johar Town,1613
ORD-0421,2024-03-01 02:01:00,2024-03-01 02:36:00,1,Johar Town,735
ORD-0422,2024-01-18 04:22:00,2024-01-18 05:01:00,5,Johar Town,219
ORD-0423,2024-02-10 00:47:00,2024-02-10 01:27:00,5,Model Town,868
ORD-0424,2024-03-08 01:53:00,2024-03-08 02:24:00,4,Wapda Town,1378
ORD-0425,2024-01-08 06:54:00,2024-01-08 07:53:00,1,DHA,505
ORD-0426,2024-01-07 03:50:00,2024-01-07 04:26:00,5,Model Town,712
ORD-0427,2024-01-12 03:35:00,2024-01-12 04:34:00,1,Johar Town,1904
ORD-0428,2024-02-11 08:04:00,2024-02-11 08:29:00,3,DHA,339
ORD-0429,2024-02-18 11:33:00,2024-02-18 12:07:00,5,Wapda Town,1805
ORD-0430,2024-01-04 23:20:00,2024-01-04 23:56:00,4,Wapda Town,720
ORD-0431,2024-01-18 15:21:00,2024-01-18 15:49:00,2,Johar Town,903
ORD-0432,2024-02-15 06:36:00,2024-02-15 07:30:00,1,Wapda Town,850
ORD-0433,2024-02-23 18:40:00,2024-02-23 18:55:00,1,Model Town,612
ORD-0434,2024-01-12 14:35:00,2024-01-12 15:34:00,1,DHA,285
ORD-0435,2024-01-19 16:21:00,2024-01-19 16:49:00,1,Johar Town,368
ORD-0436,2024-01-21 18:40:00,2024-01-21 19:11:00,2,Gulberg,1107
ORD-0437,2024-02-28 05:54:00,2024-02-28 06:36:00,2,DHA,659
ORD-0438,2024-02-24 08:18:00,2024-02-24 08:39:00,4,Model Town,1369
ORD-0439,2024-02-20 22:19:00,2024-02-20 23:06:00,5,Wapda Town,730
ORD-0440,2024-01-28 13:56:00,2024-01-28 14:46:00,5,Model Town,1154
ORD-0441,2024-01-17 23:44:00,2024-01-18 00:08:00,5,Model Town,639
ORD-0442,2024-01-24 10:23:00,2024-01-24 11:15:00,1,Johar Town,686
ORD-0443,2024-02-15 01:25:00,2024-02-15 01:36:00,2,DHA,1109
ORD-0444,2024-02-20 02:17:00,2024-02-20 02:39:00,3,Wapda Town,1786
ORD-0445,2024-01-18 14:10:00,2024-01-18 15:02:00,2,DHA,877
ORD-0446,2024-02-15 17:50:00,2024-02-15 18:26:00,2,Johar Town,1435
ORD-0447,2024-02-13 12:15:00,2024-02-13 12:40:00,2,Gulberg,1930
ORD-0448,2024-03-01 12:20:00,2024-03-01 12:42:00,5,DHA,839
ORD-0449,2024-01-05 03:43:00,2024-01-05 03:56:00,4,Wapda Town,1592
ORD-0450,2024-01-30 13:26:00,2024-01-30 13:40:00,2,Model Town,1218
ORD-0451,2024-02-25 23:21:00,2024-02-25 23:53:00,2,Wapda Town,1194
ORD-0452,2024-01-10 11:58:00,2024-01-10 12:52:00,5,Model Town,1237
ORD-0453,2024-01-14 05:07:00,2024-01-14 05:31:00,4,DHA,986
ORD-0454,2024-01-24 12:35:00,2024-01-24 13:23:00,4,Johar Town,1978
ORD-0455,2024-01-02 22:54:00,2024-01-02 23:10:00,3,DHA,1547
ORD-0456,2024-01-17 20:50:00,2024-01-17 21:21:00,1,Johar Town,1345
ORD-0457,2024-01-22 18:23:00,2024-01-22 18:37:00,1,DHA,867
ORD-0458,2024-03-06 22:32:00,2024-03-06 22:48:00,5,Wapda Town,1354
ORD-0459,2024-01-03 01:28:00,2024-01-03 01:46:00,5,Wapda Town,617
ORD-0460,2024-01-30 22:23:00,2024-01-30 23:22:00,3,Gulberg,1981
ORD-0461,2024-02-09 20:35:00,2024-02-09 21:18:00,2,Model Town,1611
ORD-0462,2024-03-07 13:50:00,2024-03-07 14:48:00,1,Gulberg,1920
ORD-0463,2024-03-01 10:52:00,2024-03-01 11:41:00,2,Johar Town,1919
ORD-0464,2024-02-01 18:07:00,2024-02-01 18:46:00,2,Wapda Town,320
ORD-0465,2024-01-26 19:13:00,2024-01-26 19:29:00,4,Model Town,1469
ORD-0466,2024-02-10 17:31:00,2024-02-10 18:21:00,2,DHA,1968
ORD-0467,2024-02-04 12:05:00,2024-02-04 12:42:00,3,Model Town,1963
ORD-0468,2024-03-01 13:42:00,2024-03-01 14:35:00,2,Gulberg,1447
ORD-0469,2024-01-03 03:13:00,2024-01-03 04:01:00,1,Wapda Town,253
ORD-0470,2024-03-09 13:07:00,2024-03-09 13:51:00,4,Wapda Town,549
ORD-0471,2024-03-08 22:01:00,2024-03-08 22:45:00,5,Model Town,1919
ORD-0472,2024-02-01 04:07:00,2024-02-01 04:42:00,5,Model Town,1780
ORD-0473,2024-01-05 11:09:00,2024-01-05 11:28:00,5,Wapda Town,1557
ORD-0474,2024-01-18 21:37:00,2024-01-18 21:58:00,1,DHA,314
ORD-0475,2024-02-21 17:14:00,2024-02-21 17:36:00,4,DHA,828
ORD-0476,2024-02-07 01:42:00,2024-02-07 02:34:00,1,Model Town,675
ORD-0477,2024-01-24 21:18:00,2024-01-24 22:16:00,2,Wapda Town,1751
ORD-0478,2024-02-02 21:46:00,2024-02-02 21:58:00,4,Wapda Town,845
ORD-0479,2024-02-13 17:14:00,2024-02-13 17:53:00,1,Johar Town,684
ORD-0480,2024-01-01 14:52:00,2024-01-01 15:12:00,2,Johar Town,599
ORD-0481,2024-02-03 20:01:00,2024-02-03 20:14:00,5,Wapda Town,427
ORD-0482,2024-02-25 13:36:00,2024-02-25 14:29:00,1,Model Town,1903
ORD-0483,2024-02-06 06:28:00,2024-02-06 07:22:00,1,DHA,369
ORD-0484,2024-02-11 00:39:00,2024-02-11 01:31:00,3,Johar Town,547
ORD-0485,2024-01-21 01:24:00,2024-01-21 01:34:00,5,Johar Town,874
ORD-0486,2024-01-15 22:06:00,2024-01-15 22:16:00,3,Model Town,1830
ORD-0487,2024-02-11 22:59:00,2024-02-11 23:40:00,4,Gulberg,1450
ORD-0488,2024-02-29 22:16:00,2024-02-29 22:29:00,4,Johar Town,1319
ORD-0489,2024-03-08 02:18:00,2024-03-08 03:01:00,5,Gulberg,1306
ORD-0490,2024-01-29 05:08:00,2024-01-29 05:50:00,4,Johar Town,951
ORD-0491,2024-02-15 03:46:00,2024-02-15 04:13:00,4,Gulberg,1083
ORD-0492,2024-02-19 11:18:00,2024-02-19 12:07:00,5,DHA,237
ORD-0493,2024-02-21 14:06:00,2024-02-21 14:23:00,3,Wapda Town,749
ORD-0494,2024-01-29 02:16:00,2024-01-29 03:05:00,4,Wapda Town,1151
ORD-0495,2024-02-21 01:49:00,2024-02-21 02:30:00,4,DHA,1208
ORD-0496,2024-02-17 22:57:00,2024-02-17 23:32:00,4,Gulberg,1422
ORD-0497,2024-01-11 15:54:00,2024-01-11 16:16:00,1,Model Town,1313
ORD-0498,2024-01-23 08:46:00,2024-01-23 09:38:00,2,Model Town,1594
ORD-0499,2024-01-03 18:49:00,2024-01-03 19:05:00,1,Model Town,464
ORD-0500,2024-01-20 07:24:00,2024-01-20 08:24:00,2,DHA,1340
ORD-0501,2024-02-24 02:12:00,2024-02-24 02:58:00,3,Model Town,813
ORD-0502,2024-02-09 18:53:00,2024-02-09 19:23:00,2,Wapda Town,1924
ORD-0503,2024-03-06 22:29:00,2024-03-06 23:20:00,4,Wapda Town,879
ORD-0504,2024-02-24 14:57:00,2024-02-24 15:56:00,1,DHA,1448
ORD-0505,2024-01-16 07:10:00,2024-01-16 07:50:00,3,Wapda Town,1273
ORD-0506,2024-01-16 23:17:00,2024-01-17 00:14:00,4,Model Town,285
ORD-0507,2024-02-20 14:34:00,2024-02-20 15:30:00,5,Model Town,1571
ORD-0508,2024-01-01 01:06:00,2024-01-01 01:29:00,1,Wapda Town,1458
ORD-0509,2024-02-14 17:18:00,2024-02-14 17:45:00,3,Model Town,738
ORD-0510,2024-02-24 19:36:00,2024-02-24 20:25:00,2,Wapda Town,1885
ORD-0511,2024-01-08 11:59:00,2024-01-08 12:40:00,2,Wapda Town,1265
ORD-0512,2024-01-29 17:52:00,2024-01-29 18:02:00,4,Johar Town,1512
ORD-0513,2024-02-17 21:11:00,2024-02-17 21:21:00,2,DHA,271
ORD-0514,2024-02-05 21:16:00,2024-02-05 21:38:00,5,Gulberg,620
ORD-0515,2024-03-04 12:23:00,2024-03-04 13:15:00,1,Johar Town,696
ORD-0516,2024-03-07 18:07:00,2024-03-07 18:29:00,5,DHA,672
ORD-0517,2024-02-03 08:49:00,2024-02-03 09:45:00,2,DHA,1206
ORD-0518,2024-01-20 03:18:00,2024-01-20 04:05:00,2,Wapda Town,1791
ORD-0519,2024-02-17 07:54:00,2024-02-17 08:35:00,5,DHA,1743
ORD-0520,2024-01-07 00:38:00,2024-01-07 01:14:00,1,DHA,400
ORD-0521,2024-01-28 19:11:00,2024-01-28 20:02:00,3,Gulberg,737
ORD-0522,2024-01-06 02:29:00,2024-01-06 02:46:00,4,Johar Town,1570
ORD-0523,2024-01-23 02:10:00,2024-01-23 02:59:00,4,Wapda Town,1899
ORD-0524,2024-03-02 02:07:00,2024-03-02 02:25:00,3,Gulberg,338
ORD-0525,2024-03-04 18:08:00,2024-03-04 18:56:00,3,DHA,1236
ORD-0526,2024-02-18 07:26:00,2024-02-18 07:44:00,2,DHA,516
ORD-0527,2024-03-08 11:35:00,2024-03-08 12:30:00,1,DHA,1257
ORD-0528,2024-02-16 14:31:00,2024-02-16 14:57:00,1,DHA,1321
ORD-0529,2024-01-06 18:13:00,2024-01-06 18:52:00,3,Model Town,293
ORD-0530,2024-01-26 18:33:00,2024-01-26 18:59:00,4,Johar Town,1136
ORD-0531,2024-02-29 11:26:00,2024-02-29 12:08:00,2,Model Town,240
ORD-0532,2024-01-29 06:16:00,2024-01-29 07:08:00,2,Model Town,1868
ORD-0533,2024-02-10 23:00:00,2024-02-10 23:20:00,2,Johar Town,1538
ORD-0534,2024-01-17 12:33:00,2024-01-17 13:05:00,5,Wapda Town,1220
ORD-0535,2024-01-31 04:51:00,2024-01-31 05:37:00,2,Model Town,1615
ORD-0536,2024-01-03 09:23:00,2024-01-03 10:07:00,2,Wapda Town,508
ORD-0537,2024-03-06 11:32:00,2024-03-06 11:50:00,3,Johar Town,1960
ORD-0538,2024-01-26 01:39:00,2024-01-26 02:14:00,4,Johar Town,405
ORD-0539,2024-02-12 19:41:00,2024-02-12 19:51:00,3,Wapda Town,1903
ORD-0540,2024-02-20 02:09:00,2024-02-20 02:29:00,5,Gulberg,1445
ORD-0541,2024-02-27 04:06:00,2024-02-27 04:30:00,1,Wapda Town,208
ORD-0542,2024-02-25 07:45:00,2024-02-25 08:21:00,5,Gulberg,689
ORD-0543,2024-01-07 05:51:00,2024-01-07 06:39:00,4,Gulberg,1038
ORD-0544,2024-01-04 05:29:00,2024-01-04 05:45:00,3,Johar Town,675
ORD-0545,2024-02-09 01:42:00,2024-02-09 02:14:00,1,DHA,1768
ORD-0546,2024-01-10 18:55:00,2024-01-10 19:49:00,1,DHA,1436
ORD-0547,2024-02-05 21:16:00,2024-02-05 21:59:00,1,DHA,1243
ORD-0548,2024-01-24 00:01:00,2024-01-24 00:23:00,3,Gulberg,1662
ORD-0549,2024-02-26 01:28:00,2024-02-26 01:47:00,1,DHA,464
ORD-0550,2024-03-04 21:49:00,2024-03-04 22:05:00,4,Gulberg,1976
ORD-0551,2024-02-21 08:18:00,2024-02-21 08:51:00,4,Gulberg,789
ORD-0552,2024-01-07 09:52:00,2024-01-07 10:17:00,1,Johar Town,610
ORD-0553,2024-02-02 15:05:00,2024-02-02 15:58:00,1,Model Town,1301
ORD-0554,2024-02-06 16:04:00,2024-02-06 16:56:00,3,Model Town,429
ORD-0555,2024-01-28 09:28:00,2024-01-28 10:25:00,1,Model Town,1179
ORD-0556,2024-02-14 22:03:00,2024-02-14 22:15:00,3,Johar Town,672
ORD-0557,2024-02-03 04:48:00,2024-02-03 05:04:00,1,DHA,417
ORD-0558,2024-01-29 23:15:00,2024-01-29 23:55:00,5,Gulberg,1854
ORD-0559,2024-03-03 03:54:00,2024-03-03 04:52:00,2,DHA,1624
ORD-0560,2024-01-19 14:32:00,2024-01-19 15:05:00,2,Wapda Town,640
ORD-0561,2024-01-28 05:58:00,2024-01-28 06:13:00,5,Johar Town,834
ORD-0562,2024-02-19 00:58:00,2024-02-19 01:57:00,3,Gulberg,1675
ORD-0563,2024-02-16 19:50:00,2024-02-16 20:33:00,4,Johar Town,1794
ORD-0564,2024-01-07 02:31:00,2024-01-07 03:08:00,3,Gulberg,557
ORD-0565,2024-01-02 11:49:00,2024-01-02 12:41:00,4,Model Town,226
ORD-0566,2024-02-17 09:10:00,2024-02-17 09:41:00,2,Model Town,551
ORD-0567,2024-01-15 05:11:00,2024-01-15 05:51:00,4,Johar Town,1807
ORD-0568,2024-01-18 15:43:00,2024-01-18 16:13:00,3,Model Town,809
ORD-0569,2024-01-21 02:22:00,2024-01-21 03:12:00,1,DHA,1346
ORD-0570,2024-02-20 12:04:00,2024-02-20 12:51:00,1,Wapda Town,789
ORD-0571,2024-02-01 05:51:00,2024-02-01 06:13:00,1,Gulberg,1570
ORD-0572,2024-03-01 21:24:00,2024-03-01 22:07:00,4,Model Town,1158
ORD-0573,2024-02-13 04:57:00,2024-02-13 05:31:00,5,DHA,688
ORD-0574,2024-02-02 08:52:00,2024-02-02 09:30:00,1,Johar Town,1941
ORD-0575,2024-01-24 03:37:00,2024-01-24 03:56:00,3,Gulberg,230
ORD-0576,2024-02-02 18:28:00,2024-02-02 18:41:00,4,DHA,596
ORD-0577,2024-02-23 13:33:00,2024-02-23 13:52:00,4,DHA,1640
ORD-0578,2024-01-30 06:15:00,2024-01-30 06:45:00,5,Gulberg,1583
ORD-0579,2024-02-04 23:17:00,2024-02-04 23:39:00,5,Gulberg,1085
ORD-0580,2024-02-14 06:08:00,2024-02-14 06:54:00,3,Wapda Town,967
ORD-0581,2024-03-09 13:51:00,2024-03-09 14:26:00,4,Wapda Town,851
ORD-0582,2024-02-24 22:08:00,2024-02-24 22:36:00,1,Wapda Town,724
ORD-0583,2024-01-01 04:55:00,2024-01-01 05:36:00,3,Johar Town,1410
ORD-0584,2024-02-06 10:09:00,2024-02-06 10:19:00,5,Model Town,1495
ORD-0585,2024-02-28 19:39:00,2024-02-28 20:27:00,5,Wapda Town,955
ORD-0586,2024-03-04 19:48:00,2024-03-04 20:16:00,1,Model Town,1860
ORD-0587,2024-02-11 19:26:00,2024-02-11 20:12:00,2,Gulberg,610
ORD-0588,2024-02-07 08:43:00,2024-02-07 09:18:00,4,DHA,268
ORD-0589,2024-01-21 20:49:00,2024-01-21 21:22:00,5,Johar Town,506
ORD-0590,2024-02-06 23:34:00,2024-02-06 23:52:00,5,Johar Town,793
ORD-0591,2024-02-09 22:25:00,2024-02-09 23:07:00,2,DHA,1161
ORD-0592,2024-01-28 12:35:00,2024-01-28 13:06:00,2,Wapda Town,1315
ORD-0593,2024-01-08 19:58:00,2024-01-08 20:53:00,1,Model Town,1494
ORD-0594,2024-01-05 05:12:00,2024-01-05 05:23:00,4,Model Town,1037
ORD-0595,2024-02-23 19:05:00,2024-02-23 19:19:00,1,Wapda Town,1781
ORD-0596,2024-02-16 13:45:00,2024-02-16 14:00:00,4,Wapda Town,516
ORD-0597,2024-01-07 11:40:00,2024-01-07 12:25:00,5,Model Town,553
ORD-0598,2024-01-30 21:14:00,2024-01-30 22:00:00,5,Johar Town,1831
ORD-0599,2024-02-19 19:18:00,2024-02-19 20:02:00,1,Gulberg,1596
ORD-0600,2024-02-02 00:35:00,2024-02-02 01:34:00,2,Johar Town,244
ORD-0601,2024-01-16 12:28:00,2024-01-16 12:39:00,1,Gulberg,1997
ORD-0602,2024-01-12 06:23:00,2024-01-12 06:42:00,3,DHA,1378
ORD-0603,2024-01-01 01:49:00,2024-01-01 02:24:00,1,Wapda Town,614
ORD-0604,2024-01-06 18:52:00,2024-01-06 19:18:00,3,Johar Town,1034
ORD-0605,2024-01-24 01:01:00,2024-01-24 01:29:00,3,Gulberg,383
ORD-0606,2024-01-24 01:06:00,2024-01-24 01:38:00,3,Model Town,819
ORD-0607,2024-02-10 14:59:00,2024-02-10 15:59:00,4,Wapda Town,461
ORD-0608,2024-02-13 21:02:00,2024-02-13 21:16:00,1,Gulberg,1561
ORD-0609,2024-01-26 23:00:00,2024-01-26 23:17:00,3,DHA,1971
ORD-0610,2024-02-18 13:11:00,2024-02-18 13:28:00,5,Gulberg,972
ORD-0611,2024-02-21 02:05:00,2024-02-21 02:45:00,1,Gulberg,1444
ORD-0612,2024-02-18 09:27:00,2024-02-18 09:39:00,2,Johar Town,1472
ORD-0613,2024-01-03 05:00:00,2024-01-03 05:17:00,4,Gulberg,1362
ORD-0614,2024-01-10 11:13:00,2024-01-10 11:46:00,1,Gulberg,933
ORD-0615,2024-03-02 18:53:00,2024-03-02 19:53:00,5,Model Town,1099
ORD-0616,2024-02-01 13:16:00,2024-02-01 13:52:00,1,Gulberg,1784
ORD-0617,2024-02-24 06:11:00,2024-02-24 07:09:00,5,Johar Town,1035
ORD-0618,2024-01-21 08:15:00,2024-01-21 08:55:00,5,DHA,995
ORD-0619,2024-02-09 20:13:00,2024-02-09 20:45:00,1,Wapda Town,1991
ORD-0620,2024-01-12 22:55:00,2024-01-12 23:08:00,2,Gulberg,499
ORD-0621,2024-01-20 11:16:00,2024-01-20 12:01:00,3,Wapda Town,1353
ORD-0622,2024-01-11 20:41:00,2024-01-11 21:34:00,5,Model Town,403
ORD-0623,2024-03-09 22:58:00,2024-03-09 23:50:00,1,Wapda Town,1413
ORD-0624,2024-01-21 22:14:00,2024-01-21 22:45:00,3,Johar Town,1291
ORD-0625,2024-01-14 22:44:00,2024-01-14 23:14:00,4,Gulberg,1857
ORD-0626,2024-01-25 11:17:00,2024-01-25 11:43:00,1,Gulberg,1769
ORD-0627,2024-03-09 18:27:00,2024-03-09 18:44:00,1,Johar Town,1257
ORD-0628,2024-02-21 17:05:00,2024-02-21 17:53:00,2,Model Town,650
ORD-0629,2024-01-24 02:06:00,2024-01-24 03:04:00,5,Wapda Town,218
ORD-0630,2024-02-23 20:18:00,2024-02-23 21:14:00,5,Johar Town,1330
ORD-0631,2024-03-09 14:32:00,2024-03-09 15:08:00,1,Johar Town,1820
ORD-0632,2024-01-12 11:08:00,2024-01-12 11:49:00,5,Gulberg,601
ORD-0633,2024-03-05 19:09:00,2024-03-05 19:53:00,4,DHA,1833
ORD-0634,2024-02-02 04:32:00,2024-02-02 04:59:00,5,Johar Town,1369
ORD-0635,2024-02-10 01:10:00,2024-02-10 02:00:00,1,Wapda Town,776
ORD-0636,2024-01-18 15:22:00,2024-01-18 16:00:00,5,Model Town,1102
ORD-0637,2024-01-07 10:10:00,2024-01-07 10:35:00,1,Model Town,1287
ORD-0638,2024-01-05 12:12:00,2024-01-05 12:40:00,1,DHA,666
ORD-0639,2024-01-28 04:27:00,2024-01-28 05:11:00,1,DHA,1058
ORD-0640,2024-02-04 20:15:00,2024-02-04 20:56:00,3,Wapda Town,1566
ORD-0641,2024-02-22 18:11:00,2024-02-22 19:00:00,2,Gulberg,749
ORD-0642,2024-01-24 23:58:00,2024-01-25 00:24:00,5,DHA,207
ORD-0643,2024-03-01 10:06:00,2024-03-01 10:33:00,4,Model Town,973
ORD-0644,2024-01-24 09:56:00,2024-01-24 10:51:00,2,Gulberg,1684
ORD-0645,2024-01-27 05:10:00,2024-01-27 06:00:00,2,Model Town,1866
ORD-0646,2024-02-09 06:50:00,2024-02-09 07:29:00,4,Johar Town,849
ORD-0647,2024-02-02 10:00:00,2024-02-02 10:30:00,3,Model Town,712
ORD-0648,2024-02-11 12:53:00,2024-02-11 13:48:00,3,Model Town,1471
ORD-0649,2024-03-01 10:17:00,2024-03-01 10:45:00,2,Model Town,1986
ORD-0650,2024-01-27 15:53:00,2024-01-27 16:43:00,1,Johar Town,1232
ORD-0651,2024-02-05 12:53:00,2024-02-05 13:35:00,1,Wapda Town,1275
ORD-0652,2024-01-25 19:28:00,2024-01-25 19:48:00,2,Model Town,1905
ORD-0653,2024-02-13 14:28:00,2024-02-13 14:39:00,3,Model Town,642
ORD-0654,2024-02-23 06:19:00,2024-02-23 07:00:00,2,Model Town,1581
ORD-0655,2024-01-06 05:38:00,2024-01-06 06:02:00,5,Wapda Town,204
ORD-0656,2024-01-25 00:56:00,2024-01-25 01:42:00,2,Wapda Town,212
ORD-0657,2024-01-23 06:05:00,2024-01-23 06:43:00,3,Wapda Town,746
ORD-0658,2024-01-10 15:06:00,2024-01-10 15:36:00,4,Gulberg,1777
ORD-0659,2024-03-05 21:49:00,2024-03-05 22:12:00,4,Gulberg,610
ORD-0660,2024-02-14 17:10:00,2024-02-14 18:07:00,1,Model Town,1148
ORD-0661,2024-03-05 19:29:00,2024-03-05 20:00:00,2,DHA,268
ORD-0662,2024-01-26 17:16:00,2024-01-26 17:58:00,2,Gulberg,1131
ORD-0663,2024-03-03 15:16:00,2024-03-03 15:29:00,1,DHA,1626
ORD-0664,2024-02-19 11:49:00,2024-02-19 12:14:00,4,Gulberg,497
ORD-0665,2024-03-07 13:24:00,2024-03-07 13:35:00,4,Gulberg,794
ORD-0666,2024-01-14 00:29:00,2024-01-14 01:02:00,3,Johar Town,1781
ORD-0667,2024-01-16 01:26:00,2024-01-16 01:45:00,4,Wapda Town,1817
ORD-0668,2024-01-23 01:28:00,2024-01-23 01:59:00,5,Gulberg,441
ORD-0669,2024-03-08 19:35:00,2024-03-08 20:02:00,3,Model Town,1925
ORD-0670,2024-03-10 01:41:00,2024-03-10 02:37:00,1,Gulberg,1583
ORD-0671,2024-03-05 02:46:00,2024-03-05 03:11:00,3,Gulberg,963
ORD-0672,2024-02-04 12:02:00,2024-02-04 12:57:00,5,Gulberg,1072
ORD-0673,2024-02-02 18:10:00,2024-02-02 19:01:00,2,Wapda Town,997
ORD-0674,2024-02-21 18:32:00,2024-02-21 19:01:00,5,DHA,586
ORD-0675,2024-01-04 18:57:00,2024-01-04 19:08:00,1,Johar Town,1454
ORD-0676,2024-02-17 02:45:00,2024-02-17 03:17:00,1,Model Town,379
ORD-0677,2024-01-27 22:06:00,2024-01-27 22:34:00,5,Johar Town,1363
ORD-0678,2024-02-17 23:25:00,2024-02-18 00:13:00,3,Gulberg,643
ORD-0679,2024-01-09 01:32:00,2024-01-09 02:04:00,3,Wapda Town,655
ORD-0680,2024-01-13 10:53:00,2024-01-13 11:22:00,3,Model Town,1669
ORD-0681,2024-02-02 07:51:00,2024-02-02 08:42:00,5,Wapda Town,829
ORD-0682,2024-02-16 18:14:00,2024-02-16 18:42:00,2,Model Town,216
ORD-0683,2024-01-24 01:58:00,2024-01-24 02:18:00,2,DHA,1059
ORD-0684,2024-02-13 23:07:00,2024-02-13 23:24:00,2,Johar Town,1809
ORD-0685,2024-02-03 08:33:00,2024-02-03 08:45:00,4,Model Town,759
ORD-0686,2024-01-13 20:34:00,2024-01-13 20:59:00,2,Gulberg,1909
ORD-0687,2024-03-09 20:28:00,2024-03-09 20:55:00,1,Johar Town,532
ORD-0688,2024-01-12 23:01:00,2024-01-12 23:22:00,5,Gulberg,603
ORD-0689,2024-01-18 14:37:00,2024-01-18 15:23:00,5,Wapda Town,994
ORD-0690,2024-03-09 00:14:00,2024-03-09 00:32:00,5,Gulberg,1318
ORD-0691,2024-03-01 10:22:00,2024-03-01 11:02:00,4,Gulberg,715
ORD-0692,2024-01-09 16:00:00,2024-01-09 16:58:00,1,Model Town,1391
ORD-0693,2024-01-05 15:43:00,2024-01-05 16:36:00,3,Johar Town,1924
ORD-0694,2024-03-03 20:49:00,2024-03-03 20:59:00,2,Johar Town,1920
ORD-0695,2024-02-01 07:35:00,2024-02-01 08:30:00,3,Model Town,1131
ORD-0696,2024-02-15 16:35:00,2024-02-15 17:22:00,4,Gulberg,1860
ORD-0697,2024-02-10 05:08:00,2024-02-10 05:25:00,3,Johar Town,349
ORD-0698,2024-01-12 20:09:00,2024-01-12 20:51:00,2,Wapda Town,1823
ORD-0699,2024-01-11 06:06:00,2024-01-11 06:47:00,5,Wapda Town,756
ORD-0700,2024-01-13 03:40:00,2024-01-13 04:05:00,2,DHA,1786
ORD-0701,2024-02-11 19:49:00,2024-02-11 20:00:00,2,Gulberg,430
ORD-0702,2024-03-08 02:09:00,2024-03-08 02:22:00,3,Gulberg,669
ORD-0703,2024-02-20 06:53:00,2024-02-20 07:35:00,4,Model Town,820
ORD-0704,2024-02-06 23:35:00,2024-02-07 00:17:00,4,Gulberg,1192
ORD-0705,2024-01-11 17:01:00,2024-01-11 17:59:00,4,Wapda Town,1953
ORD-0706,2024-01-06 16:24:00,2024-01-06 16:47:00,1,Model Town,914
ORD-0707,2024-02-02 05:26:00,2024-02-02 05:56:00,5,DHA,871
ORD-0708,2024-03-07 17:25:00,2024-03-07 18:00:00,4,Johar Town,1082
ORD-0709,2024-03-06 21:41:00,2024-03-06 21:57:00,4,Johar Town,1370
ORD-0710,2024-03-06 10:22:00,2024-03-06 11:14:00,1,Gulberg,1410
ORD-0711,2024-03-01 20:09:00,2024-03-01 20:32:00,4,Johar Town,265
ORD-0712,2024-01-31 11:21:00,2024-01-31 11:56:00,2,Johar Town,934
ORD-0713,2024-01-21 15:55:00,2024-01-21 16:19:00,2,DHA,1355
ORD-0714,2024-03-04 21:54:00,2024-03-04 22:33:00,3,DHA,789
ORD-0715,2024-01-12 10:11:00,2024-01-12 10:54:00,3,Gulberg,1509
ORD-0716,2024-02-28 01:58:00,2024-02-28 02:17:00,5,Johar Town,1032
ORD-0717,2024-01-30 00:20:00,2024-01-30 01:03:00,1,Wapda Town,412
ORD-0718,2024-02-11 13:43:00,2024-02-11 14:00:00,4,Gulberg,1468
ORD-0719,2024-01-28 23:12:00,2024-01-28 23:33:00,4,Gulberg,860
ORD-0720,2024-03-06 11:46:00,2024-03-06 12:13:00,1,Johar Town,519
ORD-0721,2024-01-09 02:06:00,2024-01-09 03:04:00,1,DHA,891
ORD-0722,2024-02-06 21:57:00,2024-02-06 22:57:00,5,DHA,1926
ORD-0723,2024-02-26 14:43:00,2024-02-26 15:43:00,3,Gulberg,287
ORD-0724,2024-01-24 05:54:00,2024-01-24 06:35:00,5,Wapda Town,606
ORD-0725,2024-01-30 03:56:00,2024-01-30 04:46:00,3,DHA,1962
ORD-0726,2024-03-04 04:47:00,2024-03-04 05:01:00,3,DHA,1230
ORD-0727,2024-01-27 07:47:00,2024-01-27 08:42:00,3,DHA,1893
ORD-0728,2024-01-29 18:34:00,2024-01-29 19:04:00,3,Johar Town,1697
ORD-0729,2024-03-08 08:40:00,2024-03-08 08:57:00,1,Johar Town,1345
ORD-0730,2024-01-02 18:08:00,2024-01-02 18:58:00,3,Wapda Town,755
ORD-0731,2024-01-08 00:14:00,2024-01-08 00:45:00,2,Gulberg,653
ORD-0732,2024-01-14 02:18:00,2024-01-14 02:51:00,5,Model Town,420
ORD-0733,2024-03-02 17:09:00,2024-03-02 17:28:00,2,DHA,949
ORD-0734,2024-02-12 06:42:00,2024-02-12 07:15:00,2,Gulberg,1759
ORD-0735,2024-02-15 23:15:00,2024-02-16 00:02:00,3,Model Town,501
ORD-0736,2024-02-17 20:48:00,2024-02-17 21:42:00,5,Wapda Town,356
ORD-0737,2024-01-30 13:24:00,2024-01-30 14:01:00,5,Johar Town,1217
ORD-0738,2024-02-11 06:22:00,2024-02-11 07:14:00,2,Model Town,1746
ORD-0739,2024-03-03 15:28:00,2024-03-03 15:46:00,2,Model Town,1130
ORD-0740,2024-01-17 18:56:00,2024-01-17 19:36:00,2,Gulberg,1672
ORD-0741,2024-01-24 02:57:00,2024-01-24 03:44:00,2,Model Town,1390
ORD-0742,2024-02-16 05:16:00,2024-02-16 05:41:00,1,Model Town,1981
ORD-0743,2024-01-21 08:43:00,2024-01-21 09:35:00,5,Model Town,1632
ORD-0744,2024-01-09 03:40:00,2024-01-09 03:52:00,5,DHA,664
ORD-0745,2024-02-07 03:05:00,2024-02-07 03:49:00,3,Johar Town,813
ORD-0746,2024-01-26 11:11:00,2024-01-26 11:44:00,4,Gulberg,1326
ORD-0747,2024-01-28 01:26:00,2024-01-28 02:00:00,3,Johar Town,1177
ORD-0748,2024-01-04 06:05:00,2024-01-04 06:59:00,4,DHA,1282
ORD-0749,2024-01-25 08:27:00,2024-01-25 08:42:00,3,Model Town,569
ORD-0750,2024-02-10 09:44:00,2024-02-10 09:54:00,1,Model Town,1258
ORD-0751,2024-03-01 01:07:00,2024-03-01 01:34:00,3,Wapda Town,424
ORD-0752,2024-03-08 22:41:00,2024-03-08 23:03:00,2,Model Town,287
ORD-0753,2024-03-07 17:45:00,2024-03-07 18:33:00,2,Model Town,1851
ORD-0754,2024-01-10 04:17:00,2024-01-10 04:37:00,5,Wapda Town,633
ORD-0755,2024-02-18 05:53:00,2024-02-18 06:18:00,4,DHA,958
ORD-0756,2024-01-29 04:59:00,2024-01-29 05:27:00,2,Wapda Town,1933
ORD-0757,2024-02-11 10:33:00,2024-02-11 11:24:00,2,Model Town,885
ORD-0758,2024-01-19 21:03:00,2024-01-19 21:59:00,5,Gulberg,1194
ORD-0759,2024-02-15 02:43:00,2024-02-15 03:35:00,5,DHA,1793
ORD-0760,2024-01-18 21:03:00,2024-01-18 21:18:00,5,Model Town,1866
ORD-0761,2024-01-16 20:00:00,2024-01-16 20:42:00,2,Gulberg,795
ORD-0762,2024-01-30 07:21:00,2024-01-30 07:32:00,2,Gulberg,702
ORD-0763,2024-02-14 02:29:00,2024-02-14 03:21:00,3,DHA,436
ORD-0764,2024-01-06 18:31:00,2024-01-06 19:19:00,3,Gulberg,444
ORD-0765,2024-02-18 12:46:00,2024-02-18 13:26:00,5,DHA,630
ORD-0766,2024-02-12 19:50:00,2024-02-12 20:18:00,2,Johar Town,1051
ORD-0767,2024-01-15 00:00:00,2024-01-15 00:15:00,1,Model Town,639
ORD-0768,2024-01-18 01:44:00,2024-01-18 02:41:00,4,DHA,1373
ORD-0769,2024-02-25 20:27:00,2024-02-25 21:14:00,3,Wapda Town,1334
ORD-0770,2024-02-29 15:34:00,2024-02-29 16:21:00,1,Gulberg,457
ORD-0771,2024-02-14 14:12:00,2024-02-14 14:35:00,4,Model Town,1594
ORD-0772,2024-02-27 03:51:00,2024-02-27 04:09:00,4,Gulberg,1574
ORD-0773,2024-01-01 19:27:00,2024-01-01 20:14:00,1,Johar Town,643
ORD-0774,2024-01-29 21:51:00,2024-01-29 22:36:00,5,Wapda Town,1780
ORD-0775,2024-03-04 13:52:00,2024-03-04 14:35:00,2,Wapda Town,579
ORD-0776,2024-01-19 03:07:00,2024-01-19 03:41:00,2,Gulberg,1806
ORD-0777,2024-01-16 15:15:00,2024-01-16 15:37:00,5,Johar Town,1697
ORD-0778,2024-01-18 22:00:00,2024-01-18 22:42:00,2,Model Town,363
ORD-0779,2024-01-24 19:24:00,2024-01-24 19:49:00,1,Wapda Town,204
ORD-0780,2024-01-29 16:51:00,2024-01-29 17:32:00,5,DHA,1707
ORD-0781,2024-02-12 14:29:00,2024-02-12 15:29:00,5,Wapda Town,539
ORD-0782,2024-02-09 09:25:00,2024-02-09 09:42:00,3,Gulberg,426
ORD-0783,2024-02-24 05:28:00,2024-02-24 05:58:00,5,DHA,934
ORD-0784,2024-01-05 07:58:00,2024-01-05 08:35:00,1,Gulberg,1260
ORD-0785,2024-02-23 17:34:00,2024-02-23 18:34:00,1,Johar Town,1609
ORD-0786,2024-02-18 12:53:00,2024-02-18 13:51:00,1,Johar Town,1236
ORD-0787,2024-02-11 19:00:00,2024-02-11 19:58:00,1,Model Town,1777
ORD-0788,2024-01-18 20:11:00,2024-01-18 20:22:00,1,Gulberg,1354
ORD-0789,2024-01-13 21:04:00,2024-01-13 21:50:00,3,Johar Town,580
ORD-0790,2024-02-03 00:53:00,2024-02-03 01:09:00,5,DHA,1496
ORD-0791,2024-01-20 09:33:00,2024-01-20 10:32:00,2,Wapda Town,522
ORD-0792,2024-01-11 04:27:00,2024-01-11 05:22:00,3,Model Town,218
ORD-0793,2024-01-12 14:42:00,2024-01-12 15:27:00,1,Model Town,1961
ORD-0794,2024-01-25 23:03:00,2024-01-25 23:35:00,5,DHA,1007
ORD-0795,2024-02-26 09:04:00,2024-02-26 09:36:00,3,Gulberg,508
ORD-0796,2024-01-28 08:33:00,2024-01-28 08:57:00,5,Wapda Town,1774
ORD-0797,2024-02-21 02:55:00,2024-02-21 03:36:00,4,Model Town,337
ORD-0798,2024-01-13 17:42:00,2024-01-13 18:15:00,5,DHA,1566
ORD-0799,2024-01-31 17:51:00,2024-01-31 18:02:00,5,Wapda Town,965
ORD-0800,2024-02-05 04:16:00,2024-02-05 04:30:00,3,Wapda Town,1107
ORD-0801,2024-01-24 21:34:00,2024-01-24 22:17:00,1,Model Town,1501
ORD-0802,2024-02-29 01:51:00,2024-02-29 02:40:00,4,Johar Town,1106
ORD-0803,2024-02-02 01:36:00,2024-02-02 02:21:00,5,Gulberg,719
ORD-0804,2024-02-04 06:56:00,2024-02-04 07:51:00,4,Model Town,601
ORD-0805,2024-01-05 09:49:00,2024-01-05 10:10:00,5,Model Town,225
ORD-0806,2024-01-31 00:37:00,2024-01-31 00:58:00,4,Wapda Town,641
ORD-0807,2024-01-22 15:23:00,2024-01-22 16:19:00,5,Model Town,1526
ORD-0808,2024-02-16 20:43:00,2024-02-16 21:31:00,1,Wapda Town,216
ORD-0809,2024-02-07 11:05:00,2024-02-07 11:29:00,2,Gulberg,677
ORD-0810,2024-03-07 20:13:00,2024-03-07 20:37:00,5,Johar Town,1375
ORD-0811,2024-02-10 16:05:00,2024-02-10 16:18:00,1,Johar Town,1936
ORD-0812,2024-03-04 12:41:00,2024-03-04 13:36:00,4,Johar Town,550
ORD-0813,2024-01-13 10:21:00,2024-01-13 11:00:00,5,Gulberg,868
ORD-0814,2024-01-04 13:41:00,2024-01-04 13:52:00,4,DHA,1230
ORD-0815,2024-01-24 13:09:00,2024-01-24 13:24:00,2,Wapda Town,1934
ORD-0816,2024-02-03 01:07:00,2024-02-03 01:23:00,3,DHA,868
ORD-0817,2024-01-27 23:40:00,2024-01-27 23:57:00,3,Model Town,1530
ORD-0818,2024-02-18 13:07:00,2024-02-18 13:27:00,2,DHA,1978
ORD-0819,2024-01-18 10:46:00,2024-01-18 11:32:00,2,DHA,416
ORD-0820,2024-02-18 06:54:00,2024-02-18 07:45:00,2,Wapda Town,1996
ORD-0821,2024-01-15 08:55:00,2024-01-15 09:29:00,2,Gulberg,1662
ORD-0822,2024-01-15 07:06:00,2024-01-15 07:25:00,2,Model Town,1765
ORD-0823,2024-02-13 17:21:00,2024-02-13 18:05:00,5,Wapda Town,996
ORD-0824,2024-01-19 04:37:00,2024-01-19 05:27:00,1,DHA,1335
ORD-0825,2024-01-16 03:23:00,2024-01-16 03:57:00,2,DHA,1827
ORD-0826,2024-02-29 15:39:00,2024-02-29 16:13:00,4,Gulberg,1014
ORD-0827,2024-02-08 09:13:00,2024-02-08 09:44:00,2,Gulberg,1800
ORD-0828,2024-01-05 11:55:00,2024-01-05 12:06:00,3,Wapda Town,1627
ORD-0829,2024-02-05 09:43:00,2024-02-05 10:09:00,2,Johar Town,451
ORD-0830,2024-02-21 01:40:00,2024-02-21 02:20:00,3,Wapda Town,1300
ORD-0831,2024-01-18 07:41:00,2024-01-18 08:07:00,4,Model Town,1474
ORD-0832,2024-01-17 22:43:00,2024-01-17 23:14:00,1,DHA,921
ORD-0833,2024-02-18 09:41:00,2024-02-18 10:33:00,4,Model Town,1580
ORD-0834,2024-01-07 14:34:00,2024-01-07 14:54:00,1,Gulberg,1382
ORD-0835,2024-01-29 17:50:00,2024-01-29 18:35:00,5,Johar Town,705
ORD-0836,2024-01-01 12:30:00,2024-01-01 13:17:00,1,Wapda Town,1373
ORD-0837,2024-01-01 12:15:00,2024-01-01 12:41:00,2,Gulberg,397
ORD-0838,2024-01-24 05:27:00,2024-01-24 06:05:00,1,Model Town,1926
ORD-0839,2024-02-12 21:48:00,2024-02-12 22:07:00,1,DHA,1090
ORD-0840,2024-01-23 23:56:00,2024-01-24 00:07:00,2,Johar Town,957
ORD-0841,2024-01-04 22:56:00,2024-01-04 23:20:00,1,Model Town,946
ORD-0842,2024-02-28 12:02:00,2024-02-28 12:41:00,4,Model Town,732
ORD-0843,2024-01-28 11:41:00,2024-01-28 12:20:00,4,Wapda Town,1296
ORD-0844,2024-01-05 05:14:00,2024-01-05 05:39:00,4,Wapda Town,1037
ORD-0845,2024-01-13 22:40:00,2024-01-13 23:31:00,2,Wapda Town,807
ORD-0846,2024-02-21 13:33:00,2024-02-21 14:24:00,5,Johar Town,330
ORD-0847,2024-02-10 12:52:00,2024-02-10 13:42:00,5,Model Town,1288
ORD-0848,2024-01-21 09:01:00,2024-01-21 09:43:00,4,Model Town,203
ORD-0849,2024-01-04 03:07:00,2024-01-04 03:29:00,3,DHA,633
ORD-0850,2024-03-01 15:28:00,2024-03-01 16:01:00,2,DHA,1746
ORD-0851,2024-01-01 18:26:00,2024-01-01 18:44:00,1,Wapda Town,874
ORD-0852,2024-01-08 21:28:00,2024-01-08 21:44:00,5,Wapda Town,1936
ORD-0853,2024-02-10 13:58:00,2024-02-10 14:41:00,3,Wapda Town,1576
ORD-0854,2024-01-19 03:46:00,2024-01-19 04:34:00,2,Johar Town,1802
ORD-0855,2024-01-13 18:34:00,2024-01-13 19:34:00,2,Johar Town,1152
ORD-0856,2024-01-18 02:13:00,2024-01-18 02:51:00,1,Johar Town,1213
ORD-0857,2024-01-22 06:54:00,2024-01-22 07:06:00,4,Johar Town,1140
ORD-0858,2024-02-28 16:22:00,2024-02-28 16:54:00,5,Johar Town,1508
ORD-0859,2024-02-24 00:29:00,2024-02-24 00:58:00,2,DHA,1552
ORD-0860,2024-01-15 21:45:00,2024-01-15 22:13:00,2,Johar Town,805
ORD-0861,2024-02-25 02:01:00,2024-02-25 03:01:00,2,DHA,416
ORD-0862,2024-01-04 23:54:00,2024-01-05 00:38:00,4,Gulberg,939
ORD-0863,2024-01-11 11:54:00,2024-01-11 12:37:00,1,Model Town,1789
ORD-0864,2024-01-14 18:51:00,2024-01-14 19:20:00,5,Model Town,391
ORD-0865,2024-01-05 01:48:00,2024-01-05 02:32:00,4,Johar Town,501
ORD-0866,2024-01-07 09:45:00,2024-01-07 10:05:00,5,DHA,1813
ORD-0867,2024-02-15 06:10:00,2024-02-15 07:09:00,1,Model Town,1119
ORD-0868,2024-02-25 18:45:00,2024-02-25 19:42:00,5,Wapda Town,772
ORD-0869,2024-02-10 05:09:00,2024-02-10 06:02:00,5,DHA,1245
ORD-0870,2024-01-10 09:15:00,2024-01-10 10:10:00,4,Model Town,516
ORD-0871,2024-02-04 15:17:00,2024-02-04 15:54:00,1,Model Town,1048
ORD-0872,2024-01-29 01:33:00,2024-01-29 02:21:00,5,Johar Town,1121
ORD-0873,2024-01-10 16:23:00,2024-01-10 17:16:00,4,Johar Town,1807
ORD-0874,2024-01-12 03:09:00,2024-01-12 03:50:00,4,DHA,1703
ORD-0875,2024-01-02 15:32:00,2024-01-02 16:19:00,2,Johar Town,1000
ORD-0876,2024-02-09 12:52:00,2024-02-09 13:19:00,1,DHA,1192
ORD-0877,2024-02-22 23:11:00,2024-02-22 23:43:00,3,Model Town,413
ORD-0878,2024-01-12 20:16:00,2024-01-12 20:41:00,2,Model Town,1237
ORD-0879,2024-01-04 23:41:00,2024-01-05 00:24:00,5,Model Town,251
ORD-0880,2024-02-03 23:37:00,2024-02-03 23:50:00,4,Gulberg,896
ORD-0881,2024-02-02 00:07:00,2024-02-02 00:27:00,2,Model Town,239
ORD-0882,2024-02-08 03:56:00,2024-02-08 04:22:00,3,Wapda Town,231
ORD-0883,2024-02-05 23:04:00,2024-02-05 23:38:00,5,Wapda Town,254
ORD-0884,2024-02-13 19:07:00,2024-02-13 19:48:00,2,Model Town,1502
ORD-0885,2024-01-28 02:46:00,2024-01-28 03:13:00,3,Johar Town,1330
ORD-0886,2024-01-03 15:30:00,2024-01-03 16:27:00,1,Gulberg,1268
ORD-0887,2024-01-08 02:02:00,2024-01-08 02:22:00,4,Johar Town,270
ORD-0888,2024-01-17 21:04:00,2024-01-17 21:34:00,2,Wapda Town,1636
ORD-0889,2024-01-02 09:14:00,2024-01-02 09:32:00,4,Johar Town,297
ORD-0890,2024-01-07 08:51:00,2024-01-07 09:24:00,2,Gulberg,1915
ORD-0891,2024-02-24 12:51:00,2024-02-24 13:19:00,4,Model Town,1750
ORD-0892,2024-02-21 02:46:00,2024-02-21 03:40:00,1,Johar Town,543
ORD-0893,2024-02-12 06:47:00,2024-02-12 07:14:00,4,Model Town,694
ORD-0894,2024-01-27 10:59:00,2024-01-27 11:14:00,3,Gulberg,1653
ORD-0895,2024-01-24 04:53:00,2024-01-24 05:13:00,2,Wapda Town,862
ORD-0896,2024-03-02 19:19:00,2024-03-02 19:49:00,5,Wapda Town,548
ORD-0897,2024-01-04 00:20:00,2024-01-04 00:43:00,2,Wapda Town,665
ORD-0898,2024-02-10 05:46:00,2024-02-10 05:58:00,5,DHA,1922
ORD-0899,2024-03-08 05:01:00,2024-03-08 05:53:00,2,Johar Town,1820
ORD-0900,2024-01-26 13:41:00,2024-01-26 14:15:00,3,Model Town,677
ORD-0901,2024-02-08 13:12:00,2024-02-08 14:05:00,5,DHA,1777
ORD-0902,2024-02-26 23:49:00,2024-02-27 00:05:00,3,DHA,1160
ORD-0903,2024-01-02 06:32:00,2024-01-02 07:00:00,3,Gulberg,859
ORD-0904,2024-02-25 01:24:00,2024-02-25 01:37:00,2,Wapda Town,517
ORD-0905,2024-01-11 03:16:00,2024-01-11 03:56:00,3,DHA,494
ORD-0906,2024-02-22 05:38:00,2024-02-22 06:11:00,3,Wapda Town,1917
ORD-0907,2024-01-27 02:28:00,2024-01-27 03:03:00,5,DHA,925
ORD-0908,2024-01-26 01:36:00,2024-01-26 02:15:00,3,Johar Town,762
ORD-0909,2024-02-27 15:47:00,2024-02-27 16:35:00,5,DHA,1765
ORD-0910,2024-03-01 15:08:00,2024-03-01 15:36:00,2,Johar Town,948
ORD-0911,2024-02-08 00:38:00,2024-02-08 00:48:00,5,Johar Town,990
ORD-0912,2024-01-13 07:48:00,2024-01-13 08:34:00,4,Johar Town,1005
ORD-0913,2024-01-10 04:55:00,2024-01-10 05:49:00,5,Johar Town,720
ORD-0914,2024-03-08 14:04:00,2024-03-08 15:04:00,5,Gulberg,1071
ORD-0915,2024-02-29 10:16:00,2024-02-29 10:56:00,5,Wapda Town,1799
ORD-0916,2024-01-12 22:37:00,2024-01-12 23:23:00,5,Wapda Town,1329
ORD-0917,2024-01-16 10:04:00,2024-01-16 10:29:00,3,Wapda Town,893
ORD-0918,2024-03-10 06:44:00,2024-03-10 07:11:00,5,Johar Town,1680
ORD-0919,2024-02-21 05:18:00,2024-02-21 05:49:00,3,Wapda Town,1360
ORD-0920,2024-01-15 14:57:00,2024-01-15 15:10:00,3,Model Town,503
ORD-0921,2024-01-16 16:45:00,2024-01-16 17:02:00,3,Gulberg,1803
ORD-0922,2024-01-30 13:20:00,2024-01-30 14:08:00,3,Johar Town,992
ORD-0923,2024-03-09 16:23:00,2024-03-09 17:20:00,2,Gulberg,904
ORD-0924,2024-02-29 04:06:00,2024-02-29 05:04:00,3,DHA,1622
ORD-0925,2024-02-28 11:38:00,2024-02-28 12:13:00,2,Johar Town,1970
ORD-0926,2024-02-18 20:36:00,2024-02-18 21:07:00,5,Wapda Town,1287
ORD-0927,2024-01-25 16:34:00,2024-01-25 17:11:00,2,Johar Town,239
ORD-0928,2024-02-07 15:02:00,2024-02-07 15:45:00,4,Wapda Town,991
ORD-0929,2024-03-04 18:03:00,2024-03-04 19:00:00,3,Model Town,1713
ORD-0930,2024-01-29 03:19:00,2024-01-29 04:00:00,3,Johar Town,916
ORD-0931,2024-01-15 10:19:00,2024-01-15 11:02:00,3,Johar Town,240
ORD-0932,2024-02-08 17:00:00,2024-02-08 17:31:00,2,Wapda Town,1064
ORD-0933,2024-02-17 04:41:00,2024-02-17 05:39:00,1,DHA,226
ORD-0934,2024-02-19 16:26:00,2024-02-19 17:09:00,5,DHA,1388
ORD-0935,2024-01-07 22:28:00,2024-01-07 23:13:00,5,Gulberg,760
ORD-0936,2024-02-01 06:30:00,2024-02-01 07:11:00,3,Johar Town,700
ORD-0937,2024-02-19 17:50:00,2024-02-19 18:12:00,1,Gulberg,724
ORD-0938,2024-02-23 00:05:00,2024-02-23 00:30:00,1,DHA,827
ORD-0939,2024-03-05 06:06:00,2024-03-05 07:03:00,3,DHA,401
ORD-0940,2024-02-16 09:15:00,2024-02-16 09:28:00,2,Model Town,1664
ORD-0941,2024-02-02 07:35:00,2024-02-02 08:33:00,4,Wapda Town,1280
ORD-0942,2024-01-13 05:35:00,2024-01-13 06:11:00,3,Gulberg,1289
ORD-0943,2024-02-12 14:35:00,2024-02-12 15:07:00,1,Gulberg,1486
ORD-0944,2024-02-06 21:52:00,2024-02-06 22:26:00,5,Gulberg,1263
ORD-0945,2024-01-18 06:37:00,2024-01-18 06:54:00,4,Model Town,1417
ORD-0946,2024-02-24 00:47:00,2024-02-24 01:45:00,3,Gulberg,725
ORD-0947,2024-01-27 21:13:00,2024-01-27 22:09:00,3,DHA,821
ORD-0948,2024-02-20 02:51:00,2024-02-20 03:35:00,2,Model Town,1586
ORD-0949,2024-01-18 02:06:00,2024-01-18 03:00:00,3,Gulberg,255
ORD-0950,2024-01-14 20:22:00,2024-01-14 20:56:00,2,Model Town,1777
ORD-0951,2024-02-06 05:36:00,2024-02-06 05:56:00,4,Johar Town,1351
ORD-0952,2024-01-03 19:00:00,2024-01-03 19:21:00,2,DHA,812
ORD-0953,2024-02-07 00:22:00,2024-02-07 01:07:00,3,Gulberg,1266
ORD-0954,2024-02-13 03:47:00,2024-02-13 04:21:00,1,DHA,1916
ORD-0955,2024-01-21 10:22:00,2024-01-21 10:44:00,3,Wapda Town,1712
ORD-0956,2024-01-03 21:42:00,2024-01-03 22:30:00,3,Johar Town,1748
ORD-0957,2024-03-04 15:07:00,2024-03-04 15:17:00,5,Wapda Town,1606
ORD-0958,2024-02-21 17:29:00,2024-02-21 18:06:00,1,Johar Town,1914
ORD-0959,2024-01-12 22:22:00,2024-01-12 22:35:00,4,Johar Town,569
ORD-0960,2024-01-02 07:41:00,2024-01-02 07:53:00,3,Gulberg,1210
ORD-0961,2024-02-11 16:47:00,2024-02-11 16:57:00,1,Johar Town,1970
ORD-0962,2024-01-29 00:03:00,2024-01-29 01:01:00,5,Johar Town,1008
ORD-0963,2024-01-08 13:20:00,2024-01-08 14:17:00,2,Gulberg,1034
ORD-0964,2024-03-08 16:36:00,2024-03-08 17:15:00,3,Wapda Town,271
ORD-0965,2024-02-28 02:13:00,2024-02-28 03:08:00,3,Wapda Town,531
ORD-0966,2024-02-13 23:47:00,2024-02-14 00:29:00,4,Gulberg,589
ORD-0967,2024-02-12 11:44:00,2024-02-12 12:27:00,1,Gulberg,1503
ORD-0968,2024-02-04 15:05:00,2024-02-04 15:35:00,4,DHA,1280
ORD-0969,2024-03-02 03:51:00,2024-03-02 04:51:00,3,Model Town,1055
ORD-0970,2024-02-14 11:18:00,2024-02-14 12:11:00,4,Wapda Town,1709
ORD-0971,2024-03-09 21:17:00,2024-03-09 21:39:00,2,DHA,286
ORD-0972,2024-02-14 14:22:00,2024-02-14 14:39:00,5,Model Town,698
ORD-0973,2024-02-26 20:29:00,2024-02-26 20:44:00,1,Johar Town,1690
ORD-0974,2024-01-02 20:50:00,2024-01-02 21:31:00,3,Gulberg,1718
ORD-0975,2024-01-19 07:10:00,2024-01-19 07:29:00,1,Wapda Town,577
ORD-0976,2024-02-17 02:16:00,2024-02-17 03:12:00,1,Wapda Town,1633
ORD-0977,2024-02-17 01:59:00,2024-02-17 02:52:00,5,DHA,255
ORD-0978,2024-03-08 08:16:00,2024-03-08 08:59:00,5,Gulberg,443
ORD-0979,2024-02-21 01:46:00,2024-02-21 02:45:00,1,Johar Town,1317
ORD-0980,2024-02-27 07:02:00,2024-02-27 07:45:00,5,DHA,236
ORD-0981,2024-01-01 13:51:00,2024-01-01 14:25:00,1,Johar Town,1240
ORD-0982,2024-01-02 06:14:00,2024-01-02 06:59:00,1,Johar Town,357
ORD-0983,2024-01-29 00:22:00,2024-01-29 00:53:00,5,Wapda Town,484
ORD-0984,2024-02-29 18:02:00,2024-02-29 18:14:00,4,Gulberg,1815
ORD-0985,2024-02-25 10:38:00,2024-02-25 11:00:00,5,Model Town,874
ORD-0986,2024-01-13 13:07:00,2024-01-13 13:21:00,1,Model Town,674
ORD-0987,2024-03-06 07:38:00,2024-03-06 08:12:00,4,Wapda Town,1254
ORD-0988,2024-02-13 14:15:00,2024-02-13 15:12:00,5,Gulberg,1445
ORD-0989,2024-02-11 14:20:00,2024-02-11 14:47:00,3,Gulberg,922
ORD-0990,2024-01-04 10:04:00,2024-01-04 10:48:00,3,Gulberg,588
ORD-0991,2024-01-17 18:26:00,2024-01-17 19:23:00,5,Johar Town,400
ORD-0992,2024-01-31 11:22:00,2024-01-31 12:17:00,3,Johar Town,1014
ORD-0993,2024-01-25 04:25:00,2024-01-25 05:01:00,5,Wapda Town,1098
ORD-0994,2024-02-02 15:01:00,2024-02-02 15:53:00,1,Gulberg,1613
ORD-0995,2024-02-25 00:18:00,2024-02-25 00:37:00,5,Johar Town,533
ORD-0996,2024-01-31 20:57:00,2024-01-31 21:50:00,3,Wapda Town,485
ORD-0997,2024-01-18 00:19:00,2024-01-18 00:55:00,4,Gulberg,1258
ORD-0998,2024-01-01 14:07:00,2024-01-01 14:58:00,4,Model Town,967
ORD-0999,2024-01-17 21:54:00,2024-01-17 22:28:00,1,DHA,1766
ORD-1000,2024-02-04 10:12:00,2024-02-04 11:01:00,4,DHA,773
